hex350_grid_cardio_1920|Prevalence rates of cardiovascular diseases in London|The mapping results of urban health outcomes (Prevalence rates of cardiovascular diseases) in 350m hexagonal grids of Inner London|CC BY-NC 4.0| University of Cambridge|||eMOTIONAL Cities|Urban Health; Health Outcomes;Physical Health; Urban Health Mapping; Inner London; |human health;|[[ -0.260765354541958, 51.409628133733456, 0.126720196946648, 51.58003067802845 ]]|[ [ [ -0.260765354541958, 51.409628133733456 ], [ 0.126720196946648, 51.409628133733456 ],  [ 0.126720196946648, 51.58003067802845 ],  [ -0.260765354541958, 51.58003067802845 ], [ -0.260765354541958, 51.409628133733456 ] ] ]|"[""2019-01-01T00:00:00Z"",""2020-12-31T23:59:59Z""]"|https://emotional.byteroad.net/collections/hex350_grid_cardio_1920|https://emotional.byteroad.net/collections/hex350_grid_cardio_1920/tiles|https://emotional.byteroad.net/geoserver/ows?service=WMS&version=1.3.0&request=GetCapabilities
hex350_grid_obesity_1920|Prevalence rates of obesity in London|The mapping results of urban health outcomes (Prevalence rates of obesity) in 350m hexagonal grids of Inner London|CC BY-NC 4.0| University of Cambridge|||eMOTIONAL Cities|Urban Health; Health Outcomes;Physical Health; Urban Health Mapping; Inner London; |human health;|[[ -0.260765354541958, 51.409628133733456, 0.126720196946648, 51.58003067802845 ]]|[ [ [ -0.260765354541958, 51.409628133733456 ], [ 0.126720196946648, 51.409628133733456 ],  [ 0.126720196946648, 51.58003067802845 ],  [ -0.260765354541958, 51.58003067802845 ], [ -0.260765354541958, 51.409628133733456 ] ] ]|"[""2019-01-01T00:00:00Z"",""2020-12-31T23:59:59Z""]"|https://emotional.byteroad.net/collections/hex350_grid_obesity_1920|https://emotional.byteroad.net/collections/hex350_grid_obesity_1920/tiles|https://emotional.byteroad.net/geoserver/ows?service=WMS&version=1.3.0&request=GetCapabilities
hex350_grid_depression_1920|Prevalence rates of depression in London|The mapping results of urban health outcomes (Prevalence rates of depression) in 350m hexagonal grids of Inner London|CC BY-NC 4.0| University of Cambridge|||eMOTIONAL Cities|Urban Health; Health Outcomes;Mental Health;Wellbeing; Urban Health Mapping; Inner London; |human health;|[[ -0.260765354541958, 51.409628133733456, 0.126720196946648, 51.58003067802845 ]]|[ [ [ -0.260765354541958, 51.409628133733456 ], [ 0.126720196946648, 51.409628133733456 ],  [ 0.126720196946648, 51.58003067802845 ],  [ -0.260765354541958, 51.58003067802845 ], [ -0.260765354541958, 51.409628133733456 ] ] ]|"[""2019-01-01T00:00:00Z"",""2020-12-31T23:59:59Z""]"|https://emotional.byteroad.net/collections/hex350_grid_depression_1920|https://emotional.byteroad.net/collections/hex350_grid_depression_1920/tiles|https://emotional.byteroad.net/geoserver/ows?service=WMS&version=1.3.0&request=GetCapabilities
hex350_grid_mental_1920|Prevalence rates of mental health issues in London|The mapping results of urban health outcomes (Prevalence rates of mental health issues) in 350m hexagonal grids of Inner London|CC BY-NC 4.0| University of Cambridge|||eMOTIONAL Cities|Urban Health; Health Outcomes;Mental Health;Wellbeing; Urban Health Mapping; Inner London; |human health;|[[ -0.260765354541958, 51.409628133733456, 0.126720196946648, 51.58003067802845 ]]|[ [ [ -0.260765354541958, 51.409628133733456 ], [ 0.126720196946648, 51.409628133733456 ],  [ 0.126720196946648, 51.58003067802845 ],  [ -0.260765354541958, 51.58003067802845 ], [ -0.260765354541958, 51.409628133733456 ] ] ]|"[""2019-01-01T00:00:00Z"",""2020-12-31T23:59:59Z""]"|https://emotional.byteroad.net/collections/hex350_grid_mental_1920|https://emotional.byteroad.net/collections/hex350_grid_mental_1920/tiles|https://emotional.byteroad.net/geoserver/ows?service=WMS&version=1.3.0&request=GetCapabilities
hex350_grid_demantia_1920|Prevalence rates of dementia in London|The mapping results of urban health outcomes (Prevalence rates of dementia) in 350m hexagonal grids of Inner London|CC BY-NC 4.0| University of Cambridge|||eMOTIONAL Cities|Urban Health; Health Outcomes;Mental Health;Wellbeing; Urban Health Mapping; Inner London; |human health;|[[ -0.260765354541958, 51.409628133733456, 0.126720196946648, 51.58003067802845 ]]|[ [ [ -0.260765354541958, 51.409628133733456 ], [ 0.126720196946648, 51.409628133733456 ],  [ 0.126720196946648, 51.58003067802845 ],  [ -0.260765354541958, 51.58003067802845 ], [ -0.260765354541958, 51.409628133733456 ] ] ]|"[""2019-01-01T00:00:00Z"",""2020-12-31T23:59:59Z""]"|https://emotional.byteroad.net/collections/hex350_grid_demantia_1920|https://emotional.byteroad.net/collections/hex350_grid_demantia_1920/tiles|https://emotional.byteroad.net/geoserver/ows?service=WMS&version=1.3.0&request=GetCapabilities
hex350_grid_access2openspace|Proportion of population with access to public open space in London|The mapping results of urban health determinates (accessibility to public open space) in 350m hexagonal grids of Inner London|CC BY-NC 4.0| University of Cambridge|||eMOTIONAL Cities|Urban Health; Health Determinants; Physical Environment;Urban Health Mapping; Inner London; |urban environment;urban area;urban design;|[[ -0.260765354541958, 51.409628133733456, 0.126720196946648, 51.58003067802845 ]]|[ [ [ -0.260765354541958, 51.409628133733456 ], [ 0.126720196946648, 51.409628133733456 ],  [ 0.126720196946648, 51.58003067802845 ],  [ -0.260765354541958, 51.58003067802845 ], [ -0.260765354541958, 51.409628133733456 ] ] ]||https://emotional.byteroad.net/collections/hex350_grid_access2openspace|https://emotional.byteroad.net/collections/hex350_grid_access2openspace/tiles|https://emotional.byteroad.net/geoserver/ows?service=WMS&version=1.3.0&request=GetCapabilities
hex350_grid_ndvi2022|Normalized difference vegetation index (NDVI) in London|The mapping results of urban health determinates (Normalized difference vegetation index (NDVI)) in 350m hexagonal grids of Inner London|CC BY-NC 4.0| University of Cambridge|||eMOTIONAL Cities|Urban Health; Health Determinants; Physical Environment;Urban Health Mapping; Inner London; |urban environment;urban green;green space;|[[ -0.260765354541958, 51.409628133733456, 0.126720196946648, 51.58003067802845 ]]|[ [ [ -0.260765354541958, 51.409628133733456 ], [ 0.126720196946648, 51.409628133733456 ],  [ 0.126720196946648, 51.58003067802845 ],  [ -0.260765354541958, 51.58003067802845 ], [ -0.260765354541958, 51.409628133733456 ] ] ]|"[""2022-01-01T00:00:00Z"",""2022-12-31T23:59:59Z""]"|https://emotional.byteroad.net/collections/hex350_grid_ndvi2022|https://emotional.byteroad.net/collections/hex350_grid_ndvi2022/tiles|https://emotional.byteroad.net/geoserver/ows?service=WMS&version=1.3.0&request=GetCapabilities
hex350_grid_pm25_2019|Annual mean PM2.5 based on output areas average concentrations in London|The mapping results of urban health determinates (Annual mean PM2.5 based on output areas average concentrations) in 350m hexagonal grids of Inner London|CC BY-NC 4.0| University of Cambridge|||eMOTIONAL Cities|Urban Health; Health Determinants; Physical Environment;Urban Health Mapping; Inner London; |urban environment;urban pollutant;|[[ -0.260765354541958, 51.409628133733456, 0.126720196946648, 51.58003067802845 ]]|[ [ [ -0.260765354541958, 51.409628133733456 ], [ 0.126720196946648, 51.409628133733456 ],  [ 0.126720196946648, 51.58003067802845 ],  [ -0.260765354541958, 51.58003067802845 ], [ -0.260765354541958, 51.409628133733456 ] ] ]|"[""2019-01-01T00:00:00Z"",""2019-12-31T23:59:59Z""]"|https://emotional.byteroad.net/collections/hex350_grid_pm25_2019|https://emotional.byteroad.net/collections/hex350_grid_pm25_2019/tiles|https://emotional.byteroad.net/geoserver/ows?service=WMS&version=1.3.0&request=GetCapabilities
hex350_grid_pm10_2019|Annual mean PM10 based on output areas average concentrations in London|The mapping results of urban health determinates (Annual mean PM10 based on output areas average concentrations) in 350m hexagonal grids of Inner London|CC BY-NC 4.0| University of Cambridge|||eMOTIONAL Cities|Urban Health; Health Determinants; Physical Environment;Urban Health Mapping; Inner London; |urban environment;urban pollutant;|[[ -0.260765354541958, 51.409628133733456, 0.126720196946648, 51.58003067802845 ]]|[ [ [ -0.260765354541958, 51.409628133733456 ], [ 0.126720196946648, 51.409628133733456 ],  [ 0.126720196946648, 51.58003067802845 ],  [ -0.260765354541958, 51.58003067802845 ], [ -0.260765354541958, 51.409628133733456 ] ] ]|"[""2019-01-01T00:00:00Z"",""2019-12-31T23:59:59Z""]"|https://emotional.byteroad.net/collections/hex350_grid_pm10_2019|https://emotional.byteroad.net/collections/hex350_grid_pm10_2019/tiles|https://emotional.byteroad.net/geoserver/ows?service=WMS&version=1.3.0&request=GetCapabilities
hex350_grid_no2_2019|Annual mean NO2 concentration in London|The mapping results of urban health determinates (Annual mean NO2 concentration) in 350m hexagonal grids of Inner London|CC BY-NC 4.0| University of Cambridge|||eMOTIONAL Cities|Urban Health; Health Determinants; Physical Environment;Urban Health Mapping; Inner London; |urban environment;urban pollutant;|[[ -0.260765354541958, 51.409628133733456, 0.126720196946648, 51.58003067802845 ]]|[ [ [ -0.260765354541958, 51.409628133733456 ], [ 0.126720196946648, 51.409628133733456 ],  [ 0.126720196946648, 51.58003067802845 ],  [ -0.260765354541958, 51.58003067802845 ], [ -0.260765354541958, 51.409628133733456 ] ] ]|"[""2019-01-01T00:00:00Z"",""2019-12-31T23:59:59Z""]"|https://emotional.byteroad.net/collections/hex350_grid_no2_2019|https://emotional.byteroad.net/collections/hex350_grid_no2_2019/tiles|https://emotional.byteroad.net/geoserver/ows?service=WMS&version=1.3.0&request=GetCapabilities
hex350_grid_LAeq16h|Annual average noise levels of rail noise in London|The mapping results of urban health determinates (Annual average noise levels of rail noise) in 350m hexagonal grids of Inner London|CC BY-NC 4.0| University of Cambridge|||eMOTIONAL Cities|Urban Health; Health Determinants; Physical Environment;Urban Health Mapping; Inner London; |urban environment;urban pollutant;|[[ -0.260765354541958, 51.409628133733456, 0.126720196946648, 51.58003067802845 ]]|[ [ [ -0.260765354541958, 51.409628133733456 ], [ 0.126720196946648, 51.409628133733456 ],  [ 0.126720196946648, 51.58003067802845 ],  [ -0.260765354541958, 51.58003067802845 ], [ -0.260765354541958, 51.409628133733456 ] ] ]||https://emotional.byteroad.net/collections/hex350_grid_LAeq16h|https://emotional.byteroad.net/collections/hex350_grid_LAeq16h/tiles|https://emotional.byteroad.net/geoserver/ows?service=WMS&version=1.3.0&request=GetCapabilities
hex350_grid_flood_4band|Risk of flooding from rivers and seas in London|The mapping results of urban health determinates (Risk of flooding from rivers and seas) in 350m hexagonal grids of Inner London|CC BY-NC 4.0| University of Cambridge|||eMOTIONAL Cities|Urban Health; Health Determinants; Physical Environment;Urban Health Mapping; Inner London; |urban environment;flooding;|[[ -0.260765354541958, 51.409628133733456, 0.126720196946648, 51.58003067802845 ]]|[ [ [ -0.260765354541958, 51.409628133733456 ], [ 0.126720196946648, 51.409628133733456 ],  [ 0.126720196946648, 51.58003067802845 ],  [ -0.260765354541958, 51.58003067802845 ], [ -0.260765354541958, 51.409628133733456 ] ] ]||https://emotional.byteroad.net/collections/hex350_grid_flood_4band|https://emotional.byteroad.net/collections/hex350_grid_flood_4band/tiles|https://emotional.byteroad.net/geoserver/ows?service=WMS&version=1.3.0&request=GetCapabilities
hex350_grid_avgLST|Major summer heat spots in London|The mapping results of urban health determinates (Major summer heat spots) in 350m hexagonal grids of Inner London|CC BY-NC 4.0| University of Cambridge|||eMOTIONAL Cities|Urban Health; Health Determinants; Physical Environment;Urban Health Mapping; Inner London; |urban environment;temperature;|[[ -0.260765354541958, 51.409628133733456, 0.126720196946648, 51.58003067802845 ]]|[ [ [ -0.260765354541958, 51.409628133733456 ], [ 0.126720196946648, 51.409628133733456 ],  [ 0.126720196946648, 51.58003067802845 ],  [ -0.260765354541958, 51.58003067802845 ], [ -0.260765354541958, 51.409628133733456 ] ] ]||https://emotional.byteroad.net/collections/hex350_grid_avgLST|https://emotional.byteroad.net/collections/hex350_grid_avgLST/tiles|https://emotional.byteroad.net/geoserver/ows?service=WMS&version=1.3.0&request=GetCapabilities
hex350_grid_cycleroutes2021|Cycling routes density map in London|The mapping results of urban health determinates (Cycling routes density map) in 350m hexagonal grids of Inner London|CC BY-NC 4.0| University of Cambridge|||eMOTIONAL Cities|Urban Health; Health Determinants; Physical Environment;Urban Health Mapping; Inner London; |urban environment;urban design;|[[ -0.260765354541958, 51.409628133733456, 0.126720196946648, 51.58003067802845 ]]|[ [ [ -0.260765354541958, 51.409628133733456 ], [ 0.126720196946648, 51.409628133733456 ],  [ 0.126720196946648, 51.58003067802845 ],  [ -0.260765354541958, 51.58003067802845 ], [ -0.260765354541958, 51.409628133733456 ] ] ]|"[""2021-01-01T00:00:00Z"",""2021-12-31T23:59:59Z""]"|https://emotional.byteroad.net/collections/hex350_grid_cycleroutes2021|https://emotional.byteroad.net/collections/hex350_grid_cycleroutes2021/tiles|https://emotional.byteroad.net/geoserver/ows?service=WMS&version=1.3.0&request=GetCapabilities
hex350_grid_hindex2020|Land use diversity in London|The mapping results of urban health determinates (Land use diversity) in 350m hexagonal grids of Inner London|CC BY-NC 4.0| University of Cambridge|||eMOTIONAL Cities|Urban Health; Health Determinants; Physical Environment;Urban Health Mapping; Inner London; |urban environment;land use;|[[ -0.260765354541958, 51.409628133733456, 0.126720196946648, 51.58003067802845 ]]|[ [ [ -0.260765354541958, 51.409628133733456 ], [ 0.126720196946648, 51.409628133733456 ],  [ 0.126720196946648, 51.58003067802845 ],  [ -0.260765354541958, 51.58003067802845 ], [ -0.260765354541958, 51.409628133733456 ] ] ]|"[""2020-01-01T00:00:00Z"",""2020-12-31T23:59:59Z""]"|https://emotional.byteroad.net/collections/hex350_grid_hindex2020|https://emotional.byteroad.net/collections/hex350_grid_hindex2020/tiles|https://emotional.byteroad.net/geoserver/ows?service=WMS&version=1.3.0&request=GetCapabilities
hex350_grid_popden_2020|Population density map in London|The mapping results of urban health determinates (Population density map) in 350m hexagonal grids of Inner London|CC BY-NC 4.0| University of Cambridge|||eMOTIONAL Cities|Urban Health; Health Determinants; Physical Environment;Urban Health Mapping; Inner London; |urban environment;urban population;|[[ -0.260765354541958, 51.409628133733456, 0.126720196946648, 51.58003067802845 ]]|[ [ [ -0.260765354541958, 51.409628133733456 ], [ 0.126720196946648, 51.409628133733456 ],  [ 0.126720196946648, 51.58003067802845 ],  [ -0.260765354541958, 51.58003067802845 ], [ -0.260765354541958, 51.409628133733456 ] ] ]|"[""2020-01-01T00:00:00Z"",""2020-12-31T23:59:59Z""]"|https://emotional.byteroad.net/collections/hex350_grid_popden_2020|https://emotional.byteroad.net/collections/hex350_grid_popden_2020/tiles|https://emotional.byteroad.net/geoserver/ows?service=WMS&version=1.3.0&request=GetCapabilities
hex350_grid_gender2020|Map of the ratio of male in London|The mapping results of urban health determinates (Male ratio) in 350m hexagonal grids of Inner London|CC BY-NC 4.0| University of Cambridge|||eMOTIONAL Cities|Urban Health; Health Determinants; Socioeconomic Environment;Urban Health Mapping; Inner London; |social indicator;|[[ -0.260765354541958, 51.409628133733456, 0.126720196946648, 51.58003067802845 ]]|[ [ [ -0.260765354541958, 51.409628133733456 ], [ 0.126720196946648, 51.409628133733456 ],  [ 0.126720196946648, 51.58003067802845 ],  [ -0.260765354541958, 51.58003067802845 ], [ -0.260765354541958, 51.409628133733456 ] ] ]|"[""2020-01-01T00:00:00Z"",""2020-12-31T23:59:59Z""]"|https://emotional.byteroad.net/collections/hex350_grid_gender2020|https://emotional.byteroad.net/collections/hex350_grid_gender2020/tiles|https://emotional.byteroad.net/geoserver/ows?service=WMS&version=1.3.0&request=GetCapabilities
hex350_grid_age2020|Map of the ratio of elder people in London|The mapping results of urban health determinates (Elder people ratio) in 350m hexagonal grids of Inner London|CC BY-NC 4.0| University of Cambridge|||eMOTIONAL Cities|Urban Health; Health Determinants; Socioeconomic Environment;Urban Health Mapping; Inner London; |social indicator;|[[ -0.260765354541958, 51.409628133733456, 0.126720196946648, 51.58003067802845 ]]|[ [ [ -0.260765354541958, 51.409628133733456 ], [ 0.126720196946648, 51.409628133733456 ],  [ 0.126720196946648, 51.58003067802845 ],  [ -0.260765354541958, 51.58003067802845 ], [ -0.260765354541958, 51.409628133733456 ] ] ]|"[""2020-01-01T00:00:00Z"",""2020-12-31T23:59:59Z""]"|https://emotional.byteroad.net/collections/hex350_grid_age2020|https://emotional.byteroad.net/collections/hex350_grid_age2020/tiles|https://emotional.byteroad.net/geoserver/ows?service=WMS&version=1.3.0&request=GetCapabilities
hex350_grid_active2020|Map of ratio of active people in Inner London|The mapping results of urban health determinates (Ratio of active people) in 350m hexagonal grids of Inner London|CC BY-NC 4.0| University of Cambridge|||eMOTIONAL Cities|Urban Health; Health Determinants; Heath behviour;Urban Health Mapping; Inner London; |human health;social behaviour;|[[ -0.260765354541958, 51.409628133733456, 0.126720196946648, 51.58003067802845 ]]|[ [ [ -0.260765354541958, 51.409628133733456 ], [ 0.126720196946648, 51.409628133733456 ],  [ 0.126720196946648, 51.58003067802845 ],  [ -0.260765354541958, 51.58003067802845 ], [ -0.260765354541958, 51.409628133733456 ] ] ]|"[""2020-01-01T00:00:00Z"",""2020-12-31T23:59:59Z""]"|https://emotional.byteroad.net/collections/hex350_grid_active2020|https://emotional.byteroad.net/collections/hex350_grid_active2020/tiles|https://emotional.byteroad.net/geoserver/ows?service=WMS&version=1.3.0&request=GetCapabilities
hex350_grid_crime_22|Map of number of recorded crimes in Inner London|The mapping results of urban health determinates (Number of recorded crimes) in 350m hexagonal grids of Inner London|CC BY-NC 4.0| University of Cambridge|||eMOTIONAL Cities|Urban Health; Health Determinants; Heath behviour;Urban Health Mapping; Inner London; |social behaviour;|[[ -0.260765354541958, 51.409628133733456, 0.126720196946648, 51.58003067802845 ]]|[ [ [ -0.260765354541958, 51.409628133733456 ], [ 0.126720196946648, 51.409628133733456 ],  [ 0.126720196946648, 51.58003067802845 ],  [ -0.260765354541958, 51.58003067802845 ], [ -0.260765354541958, 51.409628133733456 ] ] ]|"[""2022-01-01T00:00:00Z"",""2022-12-31T23:59:59Z""]"|https://emotional.byteroad.net/collections/hex350_grid_crime_22|https://emotional.byteroad.net/collections/hex350_grid_crime_22/tiles|https://emotional.byteroad.net/geoserver/ows?service=WMS&version=1.3.0&request=GetCapabilities
airQuality.airpressure.geojson|London outdoor walk test data: Air Quality Air Pressure|Air Pressure data collected from Air Quality sensors during a test walk in London for benchmarking data acquisition platform.|Attribution-NonCommercial-NoDerivatives 4.0 International| NGR|||eMOTIONAL Cities|Test dataset|https://www.eionet.europa.eu/gemet/en/concept/1462|[[ -0.260765354541958, 51.409628133733456, 0.126720196946648, 51.58003067802845 ]]|[ [ [ -0.260765354541958, 51.409628133733456 ], [ 0.126720196946648, 51.409628133733456 ],  [ 0.126720196946648, 51.58003067802845 ],  [ -0.260765354541958, 51.58003067802845 ], [ -0.260765354541958, 51.409628133733456 ] ] ]||https://emotional.byteroad.net/collections/airQuality.airpressure.geojson|https://emotional.byteroad.net/collections/airQuality.airpressure.geojson/tiles|https://emotional.byteroad.net/geoserver/ows?service=WMS&version=1.3.0&request=GetCapabilities
airQuality.humidity.geojson|London outdoor walk test data: Air Quality Humidity|Humidity data collected from Air Quality sensors during a test walk in London for benchmarking data acquisition platform.|Attribution-NonCommercial-NoDerivatives 4.0 International| NGR|||eMOTIONAL Cities|Test dataset|https://www.eionet.europa.eu/gemet/en/concept/1462|[[ -0.260765354541958, 51.409628133733456, 0.126720196946648, 51.58003067802845 ]]|[ [ [ -0.260765354541958, 51.409628133733456 ], [ 0.126720196946648, 51.409628133733456 ],  [ 0.126720196946648, 51.58003067802845 ],  [ -0.260765354541958, 51.58003067802845 ], [ -0.260765354541958, 51.409628133733456 ] ] ]||https://emotional.byteroad.net/collections/airQuality.humidity.geojson|https://emotional.byteroad.net/collections/airQuality.humidity.geojson/tiles|https://emotional.byteroad.net/geoserver/ows?service=WMS&version=1.3.0&request=GetCapabilities
airquality.iaqindex.geojson|London outdoor walk test data: Air Quality Air Quality Index|Air Quality Index data collected from Air Quality sensors during a test walk in London for benchmarking data acquisition platform.|Attribution-NonCommercial-NoDerivatives 4.0 International| NGR|||eMOTIONAL Cities|Test dataset|https://www.eionet.europa.eu/gemet/en/concept/1462|[[ -0.260765354541958, 51.409628133733456, 0.126720196946648, 51.58003067802845 ]]|[ [ [ -0.260765354541958, 51.409628133733456 ], [ 0.126720196946648, 51.409628133733456 ],  [ 0.126720196946648, 51.58003067802845 ],  [ -0.260765354541958, 51.58003067802845 ], [ -0.260765354541958, 51.409628133733456 ] ] ]||https://emotional.byteroad.net/collections/airquality.iaqindex.geojson|https://emotional.byteroad.net/collections/airquality.iaqindex.geojson/tiles|https://emotional.byteroad.net/geoserver/ows?service=WMS&version=1.3.0&request=GetCapabilities
airquality.temperature.geojson|London outdoor walk test data: Air Quality Temperature|Temperature data collected from Air Quality sensors during a test walk in London for benchmarking data acquisition platform.|Attribution-NonCommercial-NoDerivatives 4.0 International| NGR|||eMOTIONAL Cities|Test dataset|https://www.eionet.europa.eu/gemet/en/concept/1462|[[ -0.260765354541958, 51.409628133733456, 0.126720196946648, 51.58003067802845 ]]|[ [ [ -0.260765354541958, 51.409628133733456 ], [ 0.126720196946648, 51.409628133733456 ],  [ 0.126720196946648, 51.58003067802845 ],  [ -0.260765354541958, 51.58003067802845 ], [ -0.260765354541958, 51.409628133733456 ] ] ]||https://emotional.byteroad.net/collections/airquality.temperature.geojson|https://emotional.byteroad.net/collections/airquality.temperature.geojson/tiles|https://emotional.byteroad.net/geoserver/ows?service=WMS&version=1.3.0&request=GetCapabilities
ambientlight.ambientlight.geojson|London outdoor walk test data: Ambient Light|Ambient Light data collected from Ambient Light sensors during a test walk in London for benchmarking data acquisition platform.|Attribution-NonCommercial-NoDerivatives 4.0 International| NGR|||eMOTIONAL Cities|Test dataset|https://www.eionet.europa.eu/gemet/en/concept/1462|[[ -0.260765354541958, 51.409628133733456, 0.126720196946648, 51.58003067802845 ]]|[ [ [ -0.260765354541958, 51.409628133733456 ], [ 0.126720196946648, 51.409628133733456 ],  [ 0.126720196946648, 51.58003067802845 ],  [ -0.260765354541958, 51.58003067802845 ], [ -0.260765354541958, 51.409628133733456 ] ] ]||https://emotional.byteroad.net/collections/ambientlight.ambientlight.geojson|https://emotional.byteroad.net/collections/ambientlight.ambientlight.geojson/tiles|https://emotional.byteroad.net/geoserver/ows?service=WMS&version=1.3.0&request=GetCapabilities
analogin.voltage.geojson|London outdoor walk test data: Synchronization pulses|Raw synchronization traces collected from Analog Voltage sensors during a test walk in London for benchmarking data acquisition platform.|Attribution-NonCommercial-NoDerivatives 4.0 International| NGR|||eMOTIONAL Cities|Test dataset|https://www.eionet.europa.eu/gemet/en/concept/10088|[[ -0.260765354541958, 51.409628133733456, 0.126720196946648, 51.58003067802845 ]]|[ [ [ -0.260765354541958, 51.409628133733456 ], [ 0.126720196946648, 51.409628133733456 ],  [ 0.126720196946648, 51.58003067802845 ],  [ -0.260765354541958, 51.58003067802845 ], [ -0.260765354541958, 51.409628133733456 ] ] ]||https://emotional.byteroad.net/collections/analogin.voltage.geojson|https://emotional.byteroad.net/collections/analogin.voltage.geojson/tiles|https://emotional.byteroad.net/geoserver/ows?service=WMS&version=1.3.0&request=GetCapabilities
co2v2.co2conc.geojson|London outdoor walk test data: CO2 Concentration|CO2 Concentration levels collected from CO2 sensors during a test walk in London for benchmarking data acquisition platform.|Attribution-NonCommercial-NoDerivatives 4.0 International| NGR|||eMOTIONAL Cities|Test dataset|https://www.eionet.europa.eu/gemet/en/concept/1462|[[ -0.260765354541958, 51.409628133733456, 0.126720196946648, 51.58003067802845 ]]|[ [ [ -0.260765354541958, 51.409628133733456 ], [ 0.126720196946648, 51.409628133733456 ],  [ 0.126720196946648, 51.58003067802845 ],  [ -0.260765354541958, 51.58003067802845 ], [ -0.260765354541958, 51.409628133733456 ] ] ]||https://emotional.byteroad.net/collections/co2v2.co2conc.geojson|https://emotional.byteroad.net/collections/co2v2.co2conc.geojson/tiles|https://emotional.byteroad.net/geoserver/ows?service=WMS&version=1.3.0&request=GetCapabilities
co2v2.humidity.geojson|London outdoor walk test data: Humidity CO2|Humidity data collected from CO2 sensors during a test walk in London for benchmarking data acquisition platform.|Attribution-NonCommercial-NoDerivatives 4.0 International| NGR|||eMOTIONAL Cities|Test dataset|https://www.eionet.europa.eu/gemet/en/concept/1462|[[ -0.260765354541958, 51.409628133733456, 0.126720196946648, 51.58003067802845 ]]|[ [ [ -0.260765354541958, 51.409628133733456 ], [ 0.126720196946648, 51.409628133733456 ],  [ 0.126720196946648, 51.58003067802845 ],  [ -0.260765354541958, 51.58003067802845 ], [ -0.260765354541958, 51.409628133733456 ] ] ]||https://emotional.byteroad.net/collections/co2v2.humidity.geojson|https://emotional.byteroad.net/collections/co2v2.humidity.geojson/tiles|https://emotional.byteroad.net/geoserver/ows?service=WMS&version=1.3.0&request=GetCapabilities
co2v2.temperature.geojson|London outdoor walk test data: Temperature CO2|Temperature data collected from CO2 sensors during a test walk in London for benchmarking data acquisition platform.|Attribution-NonCommercial-NoDerivatives 4.0 International| NGR|||eMOTIONAL Cities|Test dataset|https://www.eionet.europa.eu/gemet/en/concept/1462|[[ -0.260765354541958, 51.409628133733456, 0.126720196946648, 51.58003067802845 ]]|[ [ [ -0.260765354541958, 51.409628133733456 ], [ 0.126720196946648, 51.409628133733456 ],  [ 0.126720196946648, 51.58003067802845 ],  [ -0.260765354541958, 51.58003067802845 ], [ -0.260765354541958, 51.409628133733456 ] ] ]||https://emotional.byteroad.net/collections/co2v2.temperature.geojson|https://emotional.byteroad.net/collections/co2v2.temperature.geojson/tiles|https://emotional.byteroad.net/geoserver/ows?service=WMS&version=1.3.0&request=GetCapabilities
gps.data.geojson|London outdoor walk test data: GPS Data|Navigation traces collected from GPS sensors during a test walk in London for benchmarking data acquisition platform.|Attribution-NonCommercial-NoDerivatives 4.0 International| NGR|||eMOTIONAL Cities|Test dataset|https://www.eionet.europa.eu/gemet/en/concept/10088|[[ -0.260765354541958, 51.409628133733456, 0.126720196946648, 51.58003067802845 ]]|[ [ [ -0.260765354541958, 51.409628133733456 ], [ 0.126720196946648, 51.409628133733456 ],  [ 0.126720196946648, 51.58003067802845 ],  [ -0.260765354541958, 51.58003067802845 ], [ -0.260765354541958, 51.409628133733456 ] ] ]||https://emotional.byteroad.net/collections/gps.data.geojson|https://emotional.byteroad.net/collections/gps.data.geojson/tiles|https://emotional.byteroad.net/geoserver/ows?service=WMS&version=1.3.0&request=GetCapabilities
gps.time.geojson|London outdoor walk test data: GPS Internal Clock|Internal clock data collected from GPS sensors during a test walk in London for benchmarking data acquisition platform.|Attribution-NonCommercial-NoDerivatives 4.0 International| NGR|||eMOTIONAL Cities|Test dataset|https://www.eionet.europa.eu/gemet/en/concept/10088|[[ -0.260765354541958, 51.409628133733456, 0.126720196946648, 51.58003067802845 ]]|[ [ [ -0.260765354541958, 51.409628133733456 ], [ 0.126720196946648, 51.409628133733456 ],  [ 0.126720196946648, 51.58003067802845 ],  [ -0.260765354541958, 51.58003067802845 ], [ -0.260765354541958, 51.409628133733456 ] ] ]||https://emotional.byteroad.net/collections/gps.time.geojson|https://emotional.byteroad.net/collections/gps.time.geojson/tiles|https://emotional.byteroad.net/geoserver/ows?service=WMS&version=1.3.0&request=GetCapabilities
humidity.humidity.geojson|London outdoor walk test data: Humidity|Humidity data collected from Humidity sensors during a test walk in London for benchmarking data acquisition platform.|Attribution-NonCommercial-NoDerivatives 4.0 International| NGR|||eMOTIONAL Cities|Test dataset|https://www.eionet.europa.eu/gemet/en/concept/1462|[[ -0.260765354541958, 51.409628133733456, 0.126720196946648, 51.58003067802845 ]]|[ [ [ -0.260765354541958, 51.409628133733456 ], [ 0.126720196946648, 51.409628133733456 ],  [ 0.126720196946648, 51.58003067802845 ],  [ -0.260765354541958, 51.58003067802845 ], [ -0.260765354541958, 51.409628133733456 ] ] ]||https://emotional.byteroad.net/collections/humidity.humidity.geojson|https://emotional.byteroad.net/collections/humidity.humidity.geojson/tiles|https://emotional.byteroad.net/geoserver/ows?service=WMS&version=1.3.0&request=GetCapabilities
soundpressurelevel.spl.geojson|London outdoor walk test data: Sound Pressure levels|Sound Pressure Levels collected from environmental sensors during a test walk in London for benchmarking data acquisition platform.|Attribution-NonCommercial-NoDerivatives 4.0 International| NGR|||eMOTIONAL Cities|Test dataset|https://www.eionet.europa.eu/gemet/en/concept/10088|[[ -0.260765354541958, 51.409628133733456, 0.126720196946648, 51.58003067802845 ]]|[ [ [ -0.260765354541958, 51.409628133733456 ], [ 0.126720196946648, 51.409628133733456 ],  [ 0.126720196946648, 51.58003067802845 ],  [ -0.260765354541958, 51.58003067802845 ], [ -0.260765354541958, 51.409628133733456 ] ] ]||https://emotional.byteroad.net/collections/soundpressurelevel.spl.geojson|https://emotional.byteroad.net/collections/soundpressurelevel.spl.geojson/tiles|https://emotional.byteroad.net/geoserver/ows?service=WMS&version=1.3.0&request=GetCapabilities
tl_rd22_26_bg|Block Group|Block Group|CC BY-NC 4.0|Michigan State University|||eMOTIONAL Cities|Boundary; Block Group; Lansing|boundaries;|[[-84.6152831208922436, 42.6555100041266542, -84.4991605004521631, 42.7697938845623256]]|[ [ [ -84.6152831208922436, 42.6555100041266542 ], [ -84.4991605004521631, 42.6555100041266542 ],  [ -84.4991605004521631, 42.7697938845623256 ],  [ -84.6152831208922436, 42.7697938845623256 ], [ -84.6152831208922436, 42.6555100041266542 ] ] ]||https://emotional.byteroad.net/collections/tl_rd22_26_bg|https://emotional.byteroad.net/collections/tl_rd22_26_bg/tiles|https://emotional.byteroad.net/geoserver/ows?service=WMS&version=1.3.0&request=GetCapabilities
500Cities_City_11082016|City Boundary|City Boundary|CC BY-NC 4.0|Michigan State University|||eMOTIONAL Cities|Boundary; Lansing|boundaries;|[[-84.6152831208922436, 42.6555100041266542, -84.4991605004521631, 42.7697938845623256]]|[ [ [ -84.6152831208922436, 42.6555100041266542 ], [ -84.4991605004521631, 42.6555100041266542 ],  [ -84.4991605004521631, 42.7697938845623256 ],  [ -84.6152831208922436, 42.7697938845623256 ], [ -84.6152831208922436, 42.6555100041266542 ] ] ]||https://emotional.byteroad.net/collections/500Cities_City_11082016|https://emotional.byteroad.net/collections/500Cities_City_11082016/tiles|https://emotional.byteroad.net/geoserver/ows?service=WMS&version=1.3.0&request=GetCapabilities
500Cities_Tracts_11082016|Census Tracts|Census Tracts|CC BY-NC 4.0|Michigan State University|||eMOTIONAL Cities|Boundary; Census tract; Lansing|boundaries;|[[-84.6152831208922436, 42.6555100041266542, -84.4991605004521631, 42.7697938845623256]]|[ [ [ -84.6152831208922436, 42.6555100041266542 ], [ -84.4991605004521631, 42.6555100041266542 ],  [ -84.4991605004521631, 42.7697938845623256 ],  [ -84.6152831208922436, 42.7697938845623256 ], [ -84.6152831208922436, 42.6555100041266542 ] ] ]||https://emotional.byteroad.net/collections/500Cities_Tracts_11082016|https://emotional.byteroad.net/collections/500Cities_Tracts_11082016/tiles|https://emotional.byteroad.net/geoserver/ows?service=WMS&version=1.3.0&request=GetCapabilities
lansing_city_block_group_genderratio_mtow_2017_21|Gender Ratio|Estimated ratio of male population to female population, between 2017-2021. The ratio is the number of males divided by the number of females, multiplied by 100 to obtain a percent.|CC BY-NC 4.0|Michigan State University|||eMOTIONAL Cities|Gender Ratio; Lansing|socioeconomic;|[[-84.6152831208922436, 42.6555100041266542, -84.4991605004521631, 42.7697938845623256]]|[ [ [ -84.6152831208922436, 42.6555100041266542 ], [ -84.4991605004521631, 42.6555100041266542 ],  [ -84.4991605004521631, 42.7697938845623256 ],  [ -84.6152831208922436, 42.7697938845623256 ], [ -84.6152831208922436, 42.6555100041266542 ] ] ]|"[""2017-01-01T00:00:00Z"",""2021-12-31T23:59:59Z""]"|https://emotional.byteroad.net/collections/lansing_city_block_group_genderratio_mtow_2017_21|https://emotional.byteroad.net/collections/lansing_city_block_group_genderratio_mtow_2017_21/tiles|https://emotional.byteroad.net/geoserver/ows?service=WMS&version=1.3.0&request=GetCapabilities
lansing_city_census_tracts_numberofpeopleaged65andabove_2020|Percentage, Ratio and Number of People Aged 65+|Number: Estimated count of the population age 65 years and older, between 2017-2021.                                            Percentage: Estimated percent of the population age 65 years and older, between 2017-2021. Percentage calculations are suppressed in cases where the denominator of the calculation was less than 10 of the unit that is being described (e.g., households, people, householders, etc.).|CC BY-NC 4.0|Michigan State University|||eMOTIONAL Cities|Older Adults; Seniors; Lansing|socioeconomic;|[[-84.6152831208922436, 42.6555100041266542, -84.4991605004521631, 42.7697938845623256]]|[ [ [ -84.6152831208922436, 42.6555100041266542 ], [ -84.4991605004521631, 42.6555100041266542 ],  [ -84.4991605004521631, 42.7697938845623256 ],  [ -84.6152831208922436, 42.7697938845623256 ], [ -84.6152831208922436, 42.6555100041266542 ] ] ]|"[""2017-01-01T00:00:00Z"",""2021-12-31T23:59:59Z""]"|https://emotional.byteroad.net/collections/lansing_city_census_tracts_numberofpeopleaged65andabove_2020|https://emotional.byteroad.net/collections/lansing_city_census_tracts_numberofpeopleaged65andabove_2020/tiles|https://emotional.byteroad.net/geoserver/ows?service=WMS&version=1.3.0&request=GetCapabilities
lansing_city_block_group_percapitaincome_2020|Per Capita Income|Estimated per capita income.|CC BY-NC 4.0|Michigan State University|||eMOTIONAL Cities|Income; Per Capita Income; Lansing|socioeconomic;|[[-84.6152831208922436, 42.6555100041266542, -84.4991605004521631, 42.7697938845623256]]|[ [ [ -84.6152831208922436, 42.6555100041266542 ], [ -84.4991605004521631, 42.6555100041266542 ],  [ -84.4991605004521631, 42.7697938845623256 ],  [ -84.6152831208922436, 42.7697938845623256 ], [ -84.6152831208922436, 42.6555100041266542 ] ] ]|"[""2020-01-01T00:00:00Z"",""2020-12-31T23:59:59Z""]"|https://emotional.byteroad.net/collections/lansing_city_block_group_percapitaincome_2020|https://emotional.byteroad.net/collections/lansing_city_block_group_percapitaincome_2020/tiles|https://emotional.byteroad.net/geoserver/ows?service=WMS&version=1.3.0&request=GetCapabilities
lansing_city_blockgroup_areadeprivationindex_statescore_2020|Area Deprivation Index-State|Area Deprivation Index state score in 2020. The Area Deprivation Index (ADI) ranks neighborhoods on the basis of socioeconomic disadvantage in the areas of income, education, employment, and housing quality. Areas with greater disadvantage are ranked higher. National scores are normalized to the whole country, and state scores are normalized to a particular state. Higher Area Deprivation Index scores have been shown to correlate with worse health outcomes in measures such as life expectancy. This index was created by researchers at the University of Wisconsin-Madison based on a methodology originally developed by the Health Resources and Services Administration. Areas on this map are ranked against other areas within the state. State scores represent deciles. In other words, they are divided into 10 groups of the same size, where 1 is the lowest rate of disadvantage and 10 is the highest.|CC BY-NC 4.0|Michigan State University|||eMOTIONAL Cities|Area Deprivation Index; USA|socioeconomic;|[[-84.6152831208922436, 42.6555100041266542, -84.4991605004521631, 42.7697938845623256]]|[ [ [ -84.6152831208922436, 42.6555100041266542 ], [ -84.4991605004521631, 42.6555100041266542 ],  [ -84.4991605004521631, 42.7697938845623256 ],  [ -84.6152831208922436, 42.7697938845623256 ], [ -84.6152831208922436, 42.6555100041266542 ] ] ]|"[""2020-01-01T00:00:00Z"",""2020-12-31T23:59:59Z""]"|https://emotional.byteroad.net/collections/lansing_city_blockgroup_areadeprivationindex_statescore_2020|https://emotional.byteroad.net/collections/lansing_city_blockgroup_areadeprivationindex_statescore_2020/tiles|https://emotional.byteroad.net/geoserver/ows?service=WMS&version=1.3.0&request=GetCapabilities
lansing_city_census_tracts_disability_2017_21|Percentage of people with Disability|Estimated percent of the civilian noninstitutionalized population with one or more types of disabilities, between 2017-2021. Percentage calculations are suppressed in cases where the denominator of the calculation was less than 10 of the unit that is being described (e.g., households, people, householders, etc.).|CC BY-NC 4.0|Michigan State University|||eMOTIONAL Cities|Disability; Lansing|human health;|[[-84.6152831208922436, 42.6555100041266542, -84.4991605004521631, 42.7697938845623256]]|[ [ [ -84.6152831208922436, 42.6555100041266542 ], [ -84.4991605004521631, 42.6555100041266542 ],  [ -84.4991605004521631, 42.7697938845623256 ],  [ -84.6152831208922436, 42.7697938845623256 ], [ -84.6152831208922436, 42.6555100041266542 ] ] ]|"[""2017-01-01T00:00:00Z"",""2021-12-31T23:59:59Z""]"|https://emotional.byteroad.net/collections/lansing_city_census_tracts_disability_2017_21|https://emotional.byteroad.net/collections/lansing_city_census_tracts_disability_2017_21/tiles|https://emotional.byteroad.net/geoserver/ows?service=WMS&version=1.3.0&request=GetCapabilities
lansing_city_census_tracts_peopleagedabove5disability|Number of People with Disability (aged 5 and above)|Count of civilian noninstitutionalized population with one or more types of disabilities, between 2017-2021. According to the Census, disability is defined as the product of interactions among individuals' bodies, and it takes into consideration physical, emotional, and mental health, as well as the physical and social environment in which people live, work or play. Disability occurs where these interactions result in limitations of activity and restrictions to full participation in school, work, home or the community.(|CC BY-NC 4.0|Michigan State University|||eMOTIONAL Cities|Disability; Lansing|human health;|[[-84.6152831208922436, 42.6555100041266542, -84.4991605004521631, 42.7697938845623256]]|[ [ [ -84.6152831208922436, 42.6555100041266542 ], [ -84.4991605004521631, 42.6555100041266542 ],  [ -84.4991605004521631, 42.7697938845623256 ],  [ -84.6152831208922436, 42.7697938845623256 ], [ -84.6152831208922436, 42.6555100041266542 ] ] ]|"[""2017-01-01T00:00:00Z"",""2020-12-31T23:59:59Z""]"|https://emotional.byteroad.net/collections/lansing_city_census_tracts_peopleagedabove5disability|https://emotional.byteroad.net/collections/lansing_city_census_tracts_peopleagedabove5disability/tiles|https://emotional.byteroad.net/geoserver/ows?service=WMS&version=1.3.0&request=GetCapabilities
lansing_city_census_tracts_depression|Crude percent of adults with depression|Crude percent of adults with depression in 2019.Â (Model-based estimate for crude prevalence of depression among adults aged >=18 years, 2019 AND Estimated confidence interval for crude prevalence of depression among adults aged >=18 years, 2019)|CC BY-NC 4.0|Michigan State University|||eMOTIONAL Cities|Depression; Lansing|human health;|[[-84.6152831208922436, 42.6555100041266542, -84.4991605004521631, 42.7697938845623256]]|[ [ [ -84.6152831208922436, 42.6555100041266542 ], [ -84.4991605004521631, 42.6555100041266542 ],  [ -84.4991605004521631, 42.7697938845623256 ],  [ -84.6152831208922436, 42.7697938845623256 ], [ -84.6152831208922436, 42.6555100041266542 ] ] ]|"[""2019-01-01T00:00:00Z"",""2019-12-31T23:59:59Z""]"|https://emotional.byteroad.net/collections/lansing_city_census_tracts_depression|https://emotional.byteroad.net/collections/lansing_city_census_tracts_depression/tiles|https://emotional.byteroad.net/geoserver/ows?service=WMS&version=1.3.0&request=GetCapabilities
lansing_physicalhealthnotgoodageabove18yrs_2019_cdc|CrudeP - Mental Health Not Good for People Aged Above 18 Years|Model-based estimate for crude prevalence of mental health not good for >=14 days among adults aged >=18 years, 2019 AND Estimated confidence interval for crude prevalence of mental health not good for >=14 days among adults aged >=18 years|CC BY-NC 4.0|Michigan State University|||eMOTIONAL Cities|Mental Health; Lansing|human health;|[[-84.6152831208922436, 42.6555100041266542, -84.4991605004521631, 42.7697938845623256]]|[ [ [ -84.6152831208922436, 42.6555100041266542 ], [ -84.4991605004521631, 42.6555100041266542 ],  [ -84.4991605004521631, 42.7697938845623256 ],  [ -84.6152831208922436, 42.7697938845623256 ], [ -84.6152831208922436, 42.6555100041266542 ] ] ]|"[""2019-01-01T00:00:00Z"",""2019-12-31T23:59:59Z""]"|https://emotional.byteroad.net/collections/lansing_physicalhealthnotgoodageabove18yrs_2019_cdc|https://emotional.byteroad.net/collections/lansing_physicalhealthnotgoodageabove18yrs_2019_cdc/tiles|https://emotional.byteroad.net/geoserver/ows?service=WMS&version=1.3.0&request=GetCapabilities
lansing_chronicobstructivepulmonarydiseaseageabove18yrs_2019_cdc|CrudeP - Chroni Obstructive Pulmonary Disease - Age Above 18 years|Model-based estimate for crude prevalence of chronic obstructive pulmonary disease among adults aged >=18 years, 2019 AND Estimated confidence interval for crude prevalence of chronic obstructive pulmonary disease among adults aged >=18 years|CC BY-NC 4.0|Michigan State University|||eMOTIONAL Cities|COPD; Lansing|human health;|[[-84.6152831208922436, 42.6555100041266542, -84.4991605004521631, 42.7697938845623256]]|[ [ [ -84.6152831208922436, 42.6555100041266542 ], [ -84.4991605004521631, 42.6555100041266542 ],  [ -84.4991605004521631, 42.7697938845623256 ],  [ -84.6152831208922436, 42.7697938845623256 ], [ -84.6152831208922436, 42.6555100041266542 ] ] ]|"[""2019-01-01T00:00:00Z"",""2019-12-31T23:59:59Z""]"|https://emotional.byteroad.net/collections/lansing_chronicobstructivepulmonarydiseaseageabove18yrs_2019_cdc|https://emotional.byteroad.net/collections/lansing_chronicobstructivepulmonarydiseaseageabove18yrs_2019_cdc/tiles|https://emotional.byteroad.net/geoserver/ows?service=WMS&version=1.3.0&request=GetCapabilities
lansing_coronaryheartdiseaseageabove18yrs_2019_cdc|CrudeP - Coronary Heart Disease - Age Above 18 years|Model-based estimate for crude prevalence of coronary heart disease among adults aged >=18 years, 2019 AND Estimated confidence interval for crude prevalence of coronary heart disease among adults aged >=18 years|CC BY-NC 4.0|Michigan State University|||eMOTIONAL Cities|Coronary Hearth Disease; Lansing|human health;|[[-84.6152831208922436, 42.6555100041266542, -84.4991605004521631, 42.7697938845623256]]|[ [ [ -84.6152831208922436, 42.6555100041266542 ], [ -84.4991605004521631, 42.6555100041266542 ],  [ -84.4991605004521631, 42.7697938845623256 ],  [ -84.6152831208922436, 42.7697938845623256 ], [ -84.6152831208922436, 42.6555100041266542 ] ] ]|"[""2019-01-01T00:00:00Z"",""2019-12-31T23:59:59Z""]"|https://emotional.byteroad.net/collections/lansing_coronaryheartdiseaseageabove18yrs_2019_cdc|https://emotional.byteroad.net/collections/lansing_coronaryheartdiseaseageabove18yrs_2019_cdc/tiles|https://emotional.byteroad.net/geoserver/ows?service=WMS&version=1.3.0&request=GetCapabilities
lansing_currentasthmaageabove18yrs_2019_cdc|CrudeP - Current Ashthma - Age Above 18 years|"        
Model-based estimate for crude prevalence of current asthma among adults aged >=18 years, 2019 AND Estimated confidence interval for crude prevalence of current asthma among adults aged >=18 years"|CC BY-NC 4.0|Michigan State University|||eMOTIONAL Cities|Asthma; Lansing|human health;|[[-84.6152831208922436, 42.6555100041266542, -84.4991605004521631, 42.7697938845623256]]|[ [ [ -84.6152831208922436, 42.6555100041266542 ], [ -84.4991605004521631, 42.6555100041266542 ],  [ -84.4991605004521631, 42.7697938845623256 ],  [ -84.6152831208922436, 42.7697938845623256 ], [ -84.6152831208922436, 42.6555100041266542 ] ] ]|"[""2019-01-01T00:00:00Z"",""2019-12-31T23:59:59Z""]"|https://emotional.byteroad.net/collections/lansing_currentasthmaageabove18yrs_2019_cdc|https://emotional.byteroad.net/collections/lansing_currentasthmaageabove18yrs_2019_cdc/tiles|https://emotional.byteroad.net/geoserver/ows?service=WMS&version=1.3.0&request=GetCapabilities
lansing_highbpageabove18yrs_2019_cdc|CrudeP - High Blood Pressure - Age Above 18 years|Model-based estimate for crude prevalence of high blood pressure among adults aged >=18 years, 2019 AND Estimated confidence interval for crude prevalence of high blood pressure among adults aged >=18 years|CC BY-NC 4.0|Michigan State University|||eMOTIONAL Cities|High Blood Pressure; Lansing|human health;|[[-84.6152831208922436, 42.6555100041266542, -84.4991605004521631, 42.7697938845623256]]|[ [ [ -84.6152831208922436, 42.6555100041266542 ], [ -84.4991605004521631, 42.6555100041266542 ],  [ -84.4991605004521631, 42.7697938845623256 ],  [ -84.6152831208922436, 42.7697938845623256 ], [ -84.6152831208922436, 42.6555100041266542 ] ] ]|"[""2019-01-01T00:00:00Z"",""2019-12-31T23:59:59Z""]"|https://emotional.byteroad.net/collections/lansing_highbpageabove18yrs_2019_cdc|https://emotional.byteroad.net/collections/lansing_highbpageabove18yrs_2019_cdc/tiles|https://emotional.byteroad.net/geoserver/ows?service=WMS&version=1.3.0&request=GetCapabilities
lansing_strokeageabove18yrs_2019_cdc|CrudeP - Stroke -Age Above 18 Years|Model-based estimate for crude prevalence of stroke among adults aged >=18 years, 2019 AND Estimated confidence interval for crude prevalence of stroke among adults aged >=18 years|CC BY-NC 4.0|Michigan State University|||eMOTIONAL Cities|Stroke; Lansing|human health;|[[-84.6152831208922436, 42.6555100041266542, -84.4991605004521631, 42.7697938845623256]]|[ [ [ -84.6152831208922436, 42.6555100041266542 ], [ -84.4991605004521631, 42.6555100041266542 ],  [ -84.4991605004521631, 42.7697938845623256 ],  [ -84.6152831208922436, 42.7697938845623256 ], [ -84.6152831208922436, 42.6555100041266542 ] ] ]|"[""2019-01-01T00:00:00Z"",""2019-12-31T23:59:59Z""]"|https://emotional.byteroad.net/collections/lansing_strokeageabove18yrs_2019_cdc|https://emotional.byteroad.net/collections/lansing_strokeageabove18yrs_2019_cdc/tiles|https://emotional.byteroad.net/geoserver/ows?service=WMS&version=1.3.0&request=GetCapabilities
lansing_diabetesageabove18yrs_2019_cdc|CrudeP - Diabeties - Age Above 18 years|Model-based estimate for crude prevalence of diagnosed diabetes among adults aged >=18 years, 2019 AND Estimated confidence interval for crude prevalence of diagnosed diabetes among adults aged >=18 years|CC BY-NC 4.0|Michigan State University|||eMOTIONAL Cities|Diabetes; Lansing|human health;|[[-84.6152831208922436, 42.6555100041266542, -84.4991605004521631, 42.7697938845623256]]|[ [ [ -84.6152831208922436, 42.6555100041266542 ], [ -84.4991605004521631, 42.6555100041266542 ],  [ -84.4991605004521631, 42.7697938845623256 ],  [ -84.6152831208922436, 42.7697938845623256 ], [ -84.6152831208922436, 42.6555100041266542 ] ] ]|"[""2019-01-01T00:00:00Z"",""2019-12-31T23:59:59Z""]"|https://emotional.byteroad.net/collections/lansing_diabetesageabove18yrs_2019_cdc|https://emotional.byteroad.net/collections/lansing_diabetesageabove18yrs_2019_cdc/tiles|https://emotional.byteroad.net/geoserver/ows?service=WMS&version=1.3.0&request=GetCapabilities
lansing_obesityageabove18yrs_2019_cdc| CrudeP - Obesity - Age Above 18 years|Model-based estimate for crude prevalence of obesity among adults aged >=18 years, 2019 AND Estimated confidence interval for crude prevalence of obesity among adults aged >=18 years|CC BY-NC 4.0|Michigan State University|||eMOTIONAL Cities|Obesity; Lansing|human health;|[[-84.6152831208922436, 42.6555100041266542, -84.4991605004521631, 42.7697938845623256]]|[ [ [ -84.6152831208922436, 42.6555100041266542 ], [ -84.4991605004521631, 42.6555100041266542 ],  [ -84.4991605004521631, 42.7697938845623256 ],  [ -84.6152831208922436, 42.7697938845623256 ], [ -84.6152831208922436, 42.6555100041266542 ] ] ]|"[""2019-01-01T00:00:00Z"",""2019-12-31T23:59:59Z""]"|https://emotional.byteroad.net/collections/lansing_obesityageabove18yrs_2019_cdc|https://emotional.byteroad.net/collections/lansing_obesityageabove18yrs_2019_cdc/tiles|https://emotional.byteroad.net/geoserver/ows?service=WMS&version=1.3.0&request=GetCapabilities
lansing_physicalhealthnotgoodageabove18yrs_2019_cdc|CrudeP - Physical Health Not Good for People Aged Above 18 Years|Model-based estimate for crude prevalence of physical health not good for >=14 days among adults aged >=18 years, 2019 AND Estimated confidence interval for crude prevalence of physical health not good for >=14 days among adults aged >=18 years|CC BY-NC 4.0|Michigan State University|||eMOTIONAL Cities|Physical Health; Lansing|human health;|[[-84.6152831208922436, 42.6555100041266542, -84.4991605004521631, 42.7697938845623256]]|[ [ [ -84.6152831208922436, 42.6555100041266542 ], [ -84.4991605004521631, 42.6555100041266542 ],  [ -84.4991605004521631, 42.7697938845623256 ],  [ -84.6152831208922436, 42.7697938845623256 ], [ -84.6152831208922436, 42.6555100041266542 ] ] ]|"[""2019-01-01T00:00:00Z"",""2019-12-31T23:59:59Z""]"|https://emotional.byteroad.net/collections/lansing_physicalhealthnotgoodageabove18yrs_2019_cdc|https://emotional.byteroad.net/collections/lansing_physicalhealthnotgoodageabove18yrs_2019_cdc/tiles|https://emotional.byteroad.net/geoserver/ows?service=WMS&version=1.3.0&request=GetCapabilities
lansing_noleisuretimepaageabove18yrs_2019_cdc|CrudeP - No Leisure Time Physical Activity - Age Above 18 years|Model-based estimate for crude prevalence of no leisure-time physical activity among adults aged >=18 years, 2019 AND Estimated confidence interval for crude prevalence of no leisure-time physical activity among adults aged >=18 years|CC BY-NC 4.0|Michigan State University|||eMOTIONAL Cities|Pysical Activity; Lansing|human health;|[[-84.6152831208922436, 42.6555100041266542, -84.4991605004521631, 42.7697938845623256]]|[ [ [ -84.6152831208922436, 42.6555100041266542 ], [ -84.4991605004521631, 42.6555100041266542 ],  [ -84.4991605004521631, 42.7697938845623256 ],  [ -84.6152831208922436, 42.7697938845623256 ], [ -84.6152831208922436, 42.6555100041266542 ] ] ]|"[""2019-01-01T00:00:00Z"",""2019-12-31T23:59:59Z""]"|https://emotional.byteroad.net/collections/lansing_noleisuretimepaageabove18yrs_2019_cdc|https://emotional.byteroad.net/collections/lansing_noleisuretimepaageabove18yrs_2019_cdc/tiles|https://emotional.byteroad.net/geoserver/ows?service=WMS&version=1.3.0&request=GetCapabilities
lansing_city_census_tracts_lifeexpectancyatbirth_10_15|Life Expectancy at birth|The average number of years a person born in this tract would be expected to live, as of 2010 to 2015.|CC BY-NC 4.0|Michigan State University|||eMOTIONAL Cities|Life Expectancy; Lansing|human health;|[[-84.6152831208922436, 42.6555100041266542, -84.4991605004521631, 42.7697938845623256]]|[ [ [ -84.6152831208922436, 42.6555100041266542 ], [ -84.4991605004521631, 42.6555100041266542 ],  [ -84.4991605004521631, 42.7697938845623256 ],  [ -84.6152831208922436, 42.7697938845623256 ], [ -84.6152831208922436, 42.6555100041266542 ] ] ]|"[""2010-01-01T00:00:00Z"",""2015-12-31T23:59:59Z""]"|https://emotional.byteroad.net/collections/lansing_city_census_tracts_lifeexpectancyatbirth_10_15|https://emotional.byteroad.net/collections/lansing_city_census_tracts_lifeexpectancyatbirth_10_15/tiles|https://emotional.byteroad.net/geoserver/ows?service=WMS&version=1.3.0&request=GetCapabilities
lansing_city_block_group_nationalwalkabilityindex_2021|National Walkability Index| National walkability index in 2021. The National Walkability Index identifies areas with mixtures of land use and transportation infrastructure that may encourage walking as a mode of transportation. This index is comprised of four ranked measures: intersection density, distance to the nearest transit stop, employment diversity, and employment and housing diversity. More walkable areas rate higher on intersection density, have lower distances to the nearest transit stop, and have higher employment and employment plus housing diversity.The Environmental Protection Agencyâs (EPA) Smart Location Database was created to address the demand for tools that compare location efficiency. The Smart Location Database (SLD) summarizes several demographic, employment, and built environment variables for every Census block group.|CC BY-NC 4.0|Michigan State University|||eMOTIONAL Cities|Walkability Index; Lansing|socioeconomic;|[[-84.6152831208922436, 42.6555100041266542, -84.4991605004521631, 42.7697938845623256]]|[ [ [ -84.6152831208922436, 42.6555100041266542 ], [ -84.4991605004521631, 42.6555100041266542 ],  [ -84.4991605004521631, 42.7697938845623256 ],  [ -84.6152831208922436, 42.7697938845623256 ], [ -84.6152831208922436, 42.6555100041266542 ] ] ]|"[""2021-01-01T00:00:00Z"",""2021-12-31T23:59:59Z""]"|https://emotional.byteroad.net/collections/lansing_city_block_group_nationalwalkabilityindex_2021|https://emotional.byteroad.net/collections/lansing_city_block_group_nationalwalkabilityindex_2021/tiles|https://emotional.byteroad.net/geoserver/ows?service=WMS&version=1.3.0&request=GetCapabilities
ucr_2019|Lansing crime data||CC BY-NC 4.0|Michigan State University|||eMOTIONAL Cities|Crime; Lansing|socioeconomic;|[[-84.6152831208922436, 42.6555100041266542, -84.4991605004521631, 42.7697938845623256]]|[ [ [ -84.6152831208922436, 42.6555100041266542 ], [ -84.4991605004521631, 42.6555100041266542 ],  [ -84.4991605004521631, 42.7697938845623256 ],  [ -84.6152831208922436, 42.7697938845623256 ], [ -84.6152831208922436, 42.6555100041266542 ] ] ]||https://emotional.byteroad.net/collections/ucr_2019|https://emotional.byteroad.net/collections/ucr_2019/tiles|https://emotional.byteroad.net/geoserver/ows?service=WMS&version=1.3.0&request=GetCapabilities
lansing_city_census_tracts_lowaccesstofood|Low Access to Food|"Low Access tracts, as of 2019. Includes tracts with at least 500 people or 33 percent of the population living more than .5 miles (in urban areas) or more than 10 miles (in rural areas) from the nearest supermarket, supercenter, or large grocery store. Tracts for where no data were available are labeled ""Insufficient Data"" on the map."|CC BY-NC 4.0|Michigan State University|||eMOTIONAL Cities|Access to Food; Lansing|socioeconomic;|[[-84.6152831208922436, 42.6555100041266542, -84.4991605004521631, 42.7697938845623256]]|[ [ [ -84.6152831208922436, 42.6555100041266542 ], [ -84.4991605004521631, 42.6555100041266542 ],  [ -84.4991605004521631, 42.7697938845623256 ],  [ -84.6152831208922436, 42.7697938845623256 ], [ -84.6152831208922436, 42.6555100041266542 ] ] ]|"[""2019-01-01T00:00:00Z"",""2019-12-31T23:59:59Z""]"|https://emotional.byteroad.net/collections/lansing_city_census_tracts_lowaccesstofood|https://emotional.byteroad.net/collections/lansing_city_census_tracts_lowaccesstofood/tiles|https://emotional.byteroad.net/geoserver/ows?service=WMS&version=1.3.0&request=GetCapabilities
lansing_city_census_tracts_lowincomelowaccess|Low Income Low Access to Food|"Low Income and Low Access tracts, as of 2019. Includes low-income tracts with at least 500 people or 33 percent of the population living more than .5 miles (in urban areas) or more than 10 miles (in rural areas) from the nearest supermarket, supercenter, or large grocery store. A low-income tract has a poverty rate of greater than 20 percent, has a median family income (MFI) of less than or equal to 80 percent of the state-wide MFI, or is in a metropolitan area and its MFI is less than or equal to 80 percent of the metropolitan Tracts for where no data were available are labeled ""Insufficient Data"" on the map."|CC BY-NC 4.0|Michigan State University|||eMOTIONAL Cities|Low Income; Low Access to Food; Lansing|socioeconomic;|[[-84.6152831208922436, 42.6555100041266542, -84.4991605004521631, 42.7697938845623256]]|[ [ [ -84.6152831208922436, 42.6555100041266542 ], [ -84.4991605004521631, 42.6555100041266542 ],  [ -84.4991605004521631, 42.7697938845623256 ],  [ -84.6152831208922436, 42.7697938845623256 ], [ -84.6152831208922436, 42.6555100041266542 ] ] ]|"[""2019-01-01T00:00:00Z"",""2019-12-31T23:59:59Z""]"|https://emotional.byteroad.net/collections/lansing_city_census_tracts_lowincomelowaccess|https://emotional.byteroad.net/collections/lansing_city_census_tracts_lowincomelowaccess/tiles|https://emotional.byteroad.net/geoserver/ows?service=WMS&version=1.3.0&request=GetCapabilities
lansing_city_census_tracts_numberofpeoplebiketowork_2020|No. Of People Travel by Bicycle to Work|Estimated percent of workers age 16 years or older who did not work at home who commuted to work by bicycle in 2017-2021. Percentage calculations are suppressed in cases where the denominator of the calculation was less than 10 of the unit that is being described (e.g., households, people, householders, etc.).|CC BY-NC 4.0|Michigan State University|||eMOTIONAL Cities|Bike to Work; Lansing|socioeconomic;|[[-84.6152831208922436, 42.6555100041266542, -84.4991605004521631, 42.7697938845623256]]|[ [ [ -84.6152831208922436, 42.6555100041266542 ], [ -84.4991605004521631, 42.6555100041266542 ],  [ -84.4991605004521631, 42.7697938845623256 ],  [ -84.6152831208922436, 42.7697938845623256 ], [ -84.6152831208922436, 42.6555100041266542 ] ] ]|"[""2017-01-01T00:00:00Z"",""2021-12-31T23:59:59Z""]"|https://emotional.byteroad.net/collections/lansing_city_census_tracts_numberofpeoplebiketowork_2020|https://emotional.byteroad.net/collections/lansing_city_census_tracts_numberofpeoplebiketowork_2020/tiles|https://emotional.byteroad.net/geoserver/ows?service=WMS&version=1.3.0&request=GetCapabilities
lansing_city_census_tracts_traveltimetowork_17_21|Average Travel Time to Work|Estimated average travel time to work in 2017-2021. The average travel time to work is the number of minutes required to reach place of employment for workers age 16 years or older. Averages are suppressed in cases where the sample of the average was less than 10 of the unit that is being described (e.g., households, people, householders, etc.).|CC BY-NC 4.0|Michigan State University|||eMOTIONAL Cities|Travel Time to Work; Lansing|socioeconomic;|[[ -9.229835564339478, 38.69139933303907, -9.08738707964508, 38.79675969109248 ]]|[ [ [ -9.229835564339478, 38.69139933303907 ], [ -9.08738707964508, 38.69139933303907 ],  [ -9.08738707964508, 38.79675969109248 ],  [ -9.229835564339478, 38.79675969109248 ], [ -9.229835564339478, 38.69139933303907 ] ] ]|"[""2017-01-01T00:00:00Z"",""2021-12-31T23:59:59Z""]"|https://emotional.byteroad.net/collections/lansing_city_census_tracts_traveltimetowork_17_21|https://emotional.byteroad.net/collections/lansing_city_census_tracts_traveltimetowork_17_21/tiles|https://emotional.byteroad.net/geoserver/ows?service=WMS&version=1.3.0&request=GetCapabilities
perception_data|Positive tweets|Data Platform IGOT - Perception data|Creative Commons (CC BY 4.0)|Paulo Morgado|IGOT| paulo@campus.ul.pt|eMOTIONAL Cities|sentiment, Twitter, social media, IGOT, Lisbon|Perception Data|[[ -9.229835564339478, 38.69139933303907, -9.08738707964508, 38.79675969109248 ]]|[ [ [ -9.229835564339478, 38.69139933303907 ], [ -9.08738707964508, 38.69139933303907 ],  [ -9.08738707964508, 38.79675969109248 ],  [ -9.229835564339478, 38.79675969109248 ], [ -9.229835564339478, 38.69139933303907 ] ] ]|"[""2017-01-01T00:00:00Z"",""2021-12-31T23:59:59Z""]"|https://emotional.byteroad.net/collections/perception_data|https://emotional.byteroad.net/collections/perception_data/tiles|https://emotional.byteroad.net/geoserver/ows?service=WMS&version=1.3.0&request=GetCapabilities
l_birth_ra|Life births rate|Data Platform IGOT - Urban health|Creative Commons (CC BY 4.0)|Paulo Morgado|IGOT| paulo@campus.ul.pt|eMOTIONAL Cities|urban health, social determinant, IGOT, Lisbon|Urban Health Data, Urban design |[[ -9.229835564339478, 38.69139933303907, -9.08738707964508, 38.79675969109248 ]]|[ [ [ -9.229835564339478, 38.69139933303907 ], [ -9.08738707964508, 38.69139933303907 ],  [ -9.08738707964508, 38.79675969109248 ],  [ -9.229835564339478, 38.79675969109248 ], [ -9.229835564339478, 38.69139933303907 ] ] ]|"[""2017-01-01T00:00:00Z"",""2021-12-31T23:59:59Z""]"|https://emotional.byteroad.net/collections/l_birth_ra|https://emotional.byteroad.net/collections/l_birth_ra/tiles|https://emotional.byteroad.net/geoserver/ows?service=WMS&version=1.3.0&request=GetCapabilities
morta_rat|Mortality rate|Data Platform IGOT - Urban health|Creative Commons (CC BY 4.0)|Paulo Morgado|IGOT| paulo@campus.ul.pt|eMOTIONAL Cities|urban health, social determinant, IGOT, Lisbon|Urban Health Data|[[ -9.229835564339478, 38.69139933303907, -9.08738707964508, 38.79675969109248 ]]|[ [ [ -9.229835564339478, 38.69139933303907 ], [ -9.08738707964508, 38.69139933303907 ],  [ -9.08738707964508, 38.79675969109248 ],  [ -9.229835564339478, 38.79675969109248 ], [ -9.229835564339478, 38.69139933303907 ] ] ]|"[""2017-01-01T00:00:00Z"",""2021-12-31T23:59:59Z""]"|https://emotional.byteroad.net/collections/morta_rat|https://emotional.byteroad.net/collections/morta_rat/tiles|https://emotional.byteroad.net/geoserver/ows?service=WMS&version=1.3.0&request=GetCapabilities
als|Amyotrophic lateral sclerosis cases|Data Platform IGOT - Urban health|Creative Commons (CC BY 4.0)|Paulo Morgado|IGOT| paulo@campus.ul.pt|eMOTIONAL Cities|urban health, health, IGOT, Lisbon|Urban Health Data|[[ -9.229835564339478, 38.69139933303907, -9.08738707964508, 38.79675969109248 ]]|[ [ [ -9.229835564339478, 38.69139933303907 ], [ -9.08738707964508, 38.69139933303907 ],  [ -9.08738707964508, 38.79675969109248 ],  [ -9.229835564339478, 38.79675969109248 ], [ -9.229835564339478, 38.69139933303907 ] ] ]|"[""2017-01-01T00:00:00Z"",""2021-12-31T23:59:59Z""]"|https://emotional.byteroad.net/collections/als|https://emotional.byteroad.net/collections/als/tiles|https://emotional.byteroad.net/geoserver/ows?service=WMS&version=1.3.0&request=GetCapabilities
pp_diabete|Patients with Diabetes Mellitus|Data Platform IGOT - Urban health|Creative Commons (CC BY 4.0)|Paulo Morgado|IGOT| paulo@campus.ul.pt|eMOTIONAL Cities|urban health, health, IGOT, Lisbon|Urban Health Data|[[ -9.229835564339478, 38.69139933303907, -9.08738707964508, 38.79675969109248 ]]|[ [ [ -9.229835564339478, 38.69139933303907 ], [ -9.08738707964508, 38.69139933303907 ],  [ -9.08738707964508, 38.79675969109248 ],  [ -9.229835564339478, 38.79675969109248 ], [ -9.229835564339478, 38.69139933303907 ] ] ]|"[""2017-01-01T00:00:00Z"",""2021-12-31T23:59:59Z""]"|https://emotional.byteroad.net/collections/pp_diabete|https://emotional.byteroad.net/collections/pp_diabete/tiles|https://emotional.byteroad.net/geoserver/ows?service=WMS&version=1.3.0&request=GetCapabilities
pp_alcohol|Patients with chronic alcohol abuse|Data Platform IGOT - Urban health|Creative Commons (CC BY 4.0)|Paulo Morgado|IGOT| paulo@campus.ul.pt|eMOTIONAL Cities|urban health, health, life style, IGOT, Lisbon|Urban Health Data|[[ -9.229835564339478, 38.69139933303907, -9.08738707964508, 38.79675969109248 ]]|[ [ [ -9.229835564339478, 38.69139933303907 ], [ -9.08738707964508, 38.69139933303907 ],  [ -9.08738707964508, 38.79675969109248 ],  [ -9.229835564339478, 38.79675969109248 ], [ -9.229835564339478, 38.69139933303907 ] ] ]|"[""2017-01-01T00:00:00Z"",""2021-12-31T23:59:59Z""]"|https://emotional.byteroad.net/collections/pp_alcohol|https://emotional.byteroad.net/collections/pp_alcohol/tiles|https://emotional.byteroad.net/geoserver/ows?service=WMS&version=1.3.0&request=GetCapabilities
pp_tobacco|Patients with tobacco abuse|Data Platform IGOT - Urban health|Creative Commons (CC BY 4.0)|Paulo Morgado|IGOT| paulo@campus.ul.pt|eMOTIONAL Cities|urban health, health, life style, IGOT, Lisbon|Urban Health Data|[[ -9.229835564339478, 38.69139933303907, -9.08738707964508, 38.79675969109248 ]]|[ [ [ -9.229835564339478, 38.69139933303907 ], [ -9.08738707964508, 38.69139933303907 ],  [ -9.08738707964508, 38.79675969109248 ],  [ -9.229835564339478, 38.79675969109248 ], [ -9.229835564339478, 38.69139933303907 ] ] ]|"[""2017-01-01T00:00:00Z"",""2021-12-31T23:59:59Z""]"|https://emotional.byteroad.net/collections/pp_tobacco|https://emotional.byteroad.net/collections/pp_tobacco/tiles|https://emotional.byteroad.net/geoserver/ows?service=WMS&version=1.3.0&request=GetCapabilities
pp_overwei|Patients with overweight|Data Platform IGOT - Urban health|Creative Commons (CC BY 4.0)|Paulo Morgado|IGOT| paulo@campus.ul.pt|eMOTIONAL Cities|urban health, health, IGOT, Lisbon|Urban Health Data|[[ -9.229835564339478, 38.69139933303907, -9.08738707964508, 38.79675969109248 ]]|[ [ [ -9.229835564339478, 38.69139933303907 ], [ -9.08738707964508, 38.69139933303907 ],  [ -9.08738707964508, 38.79675969109248 ],  [ -9.229835564339478, 38.79675969109248 ], [ -9.229835564339478, 38.69139933303907 ] ] ]|"[""2017-01-01T00:00:00Z"",""2021-12-31T23:59:59Z""]"|https://emotional.byteroad.net/collections/pp_overwei|https://emotional.byteroad.net/collections/pp_overwei/tiles|https://emotional.byteroad.net/geoserver/ows?service=WMS&version=1.3.0&request=GetCapabilities
pp_obesity|Patients with obesity|Data Platform IGOT - Urban health|Creative Commons (CC BY 4.0)|Paulo Morgado|IGOT| paulo@campus.ul.pt|eMOTIONAL Cities|urban health, health, IGOT, Lisbon|Urban Health Data|[[ -9.229835564339478, 38.69139933303907, -9.08738707964508, 38.79675969109248 ]]|[ [ [ -9.229835564339478, 38.69139933303907 ], [ -9.08738707964508, 38.69139933303907 ],  [ -9.08738707964508, 38.79675969109248 ],  [ -9.229835564339478, 38.79675969109248 ], [ -9.229835564339478, 38.69139933303907 ] ] ]|"[""2017-01-01T00:00:00Z"",""2021-12-31T23:59:59Z""]"|https://emotional.byteroad.net/collections/pp_obesity|https://emotional.byteroad.net/collections/pp_obesity/tiles|https://emotional.byteroad.net/geoserver/ows?service=WMS&version=1.3.0&request=GetCapabilities
pp_hyperte|Patients with hypertension|Data Platform IGOT - Urban health|Creative Commons (CC BY 4.0)|Paulo Morgado|IGOT| paulo@campus.ul.pt|eMOTIONAL Cities|urban health, health, IGOT, Lisbon|Urban Health Data|[[ -9.229835564339478, 38.69139933303907, -9.08738707964508, 38.79675969109248 ]]|[ [ [ -9.229835564339478, 38.69139933303907 ], [ -9.08738707964508, 38.69139933303907 ],  [ -9.08738707964508, 38.79675969109248 ],  [ -9.229835564339478, 38.79675969109248 ], [ -9.229835564339478, 38.69139933303907 ] ] ]|"[""2017-01-01T00:00:00Z"",""2021-12-31T23:59:59Z""]"|https://emotional.byteroad.net/collections/pp_hyperte|https://emotional.byteroad.net/collections/pp_hyperte/tiles|https://emotional.byteroad.net/geoserver/ows?service=WMS&version=1.3.0&request=GetCapabilities
pp_myo_inf|Patients with acute myocardial infarction|Data Platform IGOT - Urban health|Creative Commons (CC BY 4.0)|Paulo Morgado|IGOT| paulo@campus.ul.pt|eMOTIONAL Cities|urban health, health, IGOT, Lisbon|Urban Health Data|[[ -9.229835564339478, 38.69139933303907, -9.08738707964508, 38.79675969109248 ]]|[ [ [ -9.229835564339478, 38.69139933303907 ], [ -9.08738707964508, 38.69139933303907 ],  [ -9.08738707964508, 38.79675969109248 ],  [ -9.229835564339478, 38.79675969109248 ], [ -9.229835564339478, 38.69139933303907 ] ] ]|"[""2017-01-01T00:00:00Z"",""2021-12-31T23:59:59Z""]"|https://emotional.byteroad.net/collections/pp_myo_inf|https://emotional.byteroad.net/collections/pp_myo_inf/tiles|https://emotional.byteroad.net/geoserver/ows?service=WMS&version=1.3.0&request=GetCapabilities
pp_isc_myo|Patients with ischemic heart disease|Data Platform IGOT - Urban health|Creative Commons (CC BY 4.0)|Paulo Morgado|IGOT| paulo@campus.ul.pt|eMOTIONAL Cities|urban health, health, IGOT, Lisbon|Urban Health Data|[[ -9.229835564339478, 38.69139933303907, -9.08738707964508, 38.79675969109248 ]]|[ [ [ -9.229835564339478, 38.69139933303907 ], [ -9.08738707964508, 38.69139933303907 ],  [ -9.08738707964508, 38.79675969109248 ],  [ -9.229835564339478, 38.79675969109248 ], [ -9.229835564339478, 38.69139933303907 ] ] ]|"[""2017-01-01T00:00:00Z"",""2021-12-31T23:59:59Z""]"|https://emotional.byteroad.net/collections/pp_isc_myo|https://emotional.byteroad.net/collections/pp_isc_myo/tiles|https://emotional.byteroad.net/geoserver/ows?service=WMS&version=1.3.0&request=GetCapabilities
pp_dementi|Patients diagnosed with dementia|Data Platform IGOT - Urban health|Creative Commons (CC BY 4.0)|Paulo Morgado|IGOT| paulo@campus.ul.pt|eMOTIONAL Cities|urban health, mental health, Lisbon, IGOT|Urban Health Data|[[ -9.229835564339478, 38.69139933303907, -9.08738707964508, 38.79675969109248 ]]|[ [ [ -9.229835564339478, 38.69139933303907 ], [ -9.08738707964508, 38.69139933303907 ],  [ -9.08738707964508, 38.79675969109248 ],  [ -9.229835564339478, 38.79675969109248 ], [ -9.229835564339478, 38.69139933303907 ] ] ]|"[""2017-01-01T00:00:00Z"",""2021-12-31T23:59:59Z""]"|https://emotional.byteroad.net/collections/pp_dementi|https://emotional.byteroad.net/collections/pp_dementi/tiles|https://emotional.byteroad.net/geoserver/ows?service=WMS&version=1.3.0&request=GetCapabilities
pp_anxi_di|Patients diagnosed with anxiety disorder|Data Platform IGOT - Urban health|Creative Commons (CC BY 4.0)|Paulo Morgado|IGOT| paulo@campus.ul.pt|eMOTIONAL Cities|urban health, mental health, Lisbon, IGOT|Urban Health Data|[[ -9.229835564339478, 38.69139933303907, -9.08738707964508, 38.79675969109248 ]]|[ [ [ -9.229835564339478, 38.69139933303907 ], [ -9.08738707964508, 38.69139933303907 ],  [ -9.08738707964508, 38.79675969109248 ],  [ -9.229835564339478, 38.79675969109248 ], [ -9.229835564339478, 38.69139933303907 ] ] ]|"[""2017-01-01T00:00:00Z"",""2021-12-31T23:59:59Z""]"|https://emotional.byteroad.net/collections/pp_anxi_di|https://emotional.byteroad.net/collections/pp_anxi_di/tiles|https://emotional.byteroad.net/geoserver/ows?service=WMS&version=1.3.0&request=GetCapabilities
pp_an_ne_t|"Patients with the diagnosis of ""feeling anxious / nervous / tense"""|Data Platform IGOT - Urban health|Creative Commons (CC BY 4.0)|Paulo Morgado|IGOT| paulo@campus.ul.pt|eMOTIONAL Cities|urban health, mental health, Lisbon, IGOT|Urban Health Data|[[ -9.229835564339478, 38.69139933303907, -9.08738707964508, 38.79675969109248 ]]|[ [ [ -9.229835564339478, 38.69139933303907 ], [ -9.08738707964508, 38.69139933303907 ],  [ -9.08738707964508, 38.79675969109248 ],  [ -9.229835564339478, 38.79675969109248 ], [ -9.229835564339478, 38.69139933303907 ] ] ]|"[""2017-01-01T00:00:00Z"",""2021-12-31T23:59:59Z""]"|https://emotional.byteroad.net/collections/pp_an_ne_t|https://emotional.byteroad.net/collections/pp_an_ne_t/tiles|https://emotional.byteroad.net/geoserver/ows?service=WMS&version=1.3.0&request=GetCapabilities
pp_depress|Patients diagnosed with depressive disorder|Data Platform IGOT - Urban health|Creative Commons (CC BY 4.0)|Paulo Morgado|IGOT| paulo@campus.ul.pt|eMOTIONAL Cities|urban health, mental health, Lisbon, IGOT|Urban Health Data|[[ -9.229835564339478, 38.69139933303907, -9.08738707964508, 38.79675969109248 ]]|[ [ [ -9.229835564339478, 38.69139933303907 ], [ -9.08738707964508, 38.69139933303907 ],  [ -9.08738707964508, 38.79675969109248 ],  [ -9.229835564339478, 38.79675969109248 ], [ -9.229835564339478, 38.69139933303907 ] ] ]|"[""2017-01-01T00:00:00Z"",""2021-12-31T23:59:59Z""]"|https://emotional.byteroad.net/collections/pp_depress|https://emotional.byteroad.net/collections/pp_depress/tiles|https://emotional.byteroad.net/geoserver/ows?service=WMS&version=1.3.0&request=GetCapabilities
av_age_bui|Average age of buildings|Data Platform IGOT - Physical Environment Data|Creative Commons (CC BY 4.0)|Paulo Morgado|IGOT| paulo@campus.ul.pt|eMOTIONAL Cities|built environment, urban design, urban fabric, IGOT, Lisbon|Physical Environment Data|[[ -9.229835564339478, 38.69139933303907, -9.08738707964508, 38.79675969109248 ]]|[ [ [ -9.229835564339478, 38.69139933303907 ], [ -9.08738707964508, 38.69139933303907 ],  [ -9.08738707964508, 38.79675969109248 ],  [ -9.229835564339478, 38.79675969109248 ], [ -9.229835564339478, 38.69139933303907 ] ] ]|"[""2017-01-01T00:00:00Z"",""2021-12-31T23:59:59Z""]"|https://emotional.byteroad.net/collections/av_age_bui|https://emotional.byteroad.net/collections/av_age_bui/tiles|https://emotional.byteroad.net/geoserver/ows?service=WMS&version=1.3.0&request=GetCapabilities
build_repai|Buildings with repair needs ratio|Data Platform IGOT - Physical Environment Data|Creative Commons (CC BY 4.0)|Paulo Morgado|IGOT| paulo@campus.ul.pt|eMOTIONAL Cities|built environment, urban design, urban fabric, IGOT, Lisbon|Physical Environment Data|[[ -9.229835564339478, 38.69139933303907, -9.08738707964508, 38.79675969109248 ]]|[ [ [ -9.229835564339478, 38.69139933303907 ], [ -9.08738707964508, 38.69139933303907 ],  [ -9.08738707964508, 38.79675969109248 ],  [ -9.229835564339478, 38.79675969109248 ], [ -9.229835564339478, 38.69139933303907 ] ] ]|"[""2017-01-01T00:00:00Z"",""2021-12-31T23:59:59Z""]"|https://emotional.byteroad.net/collections/build_repai|https://emotional.byteroad.net/collections/build_repai/tiles|https://emotional.byteroad.net/geoserver/ows?service=WMS&version=1.3.0&request=GetCapabilities
av_buil_he|Average building height|Data Platform IGOT - Physical Environment Data|Creative Commons (CC BY 4.0)|Paulo Morgado|IGOT| paulo@campus.ul.pt|eMOTIONAL Cities|built environment, urban design, urban fabric, IGOT, Lisbon|Physical Environment Data|[[ -9.229835564339478, 38.69139933303907, -9.08738707964508, 38.79675969109248 ]]|[ [ [ -9.229835564339478, 38.69139933303907 ], [ -9.08738707964508, 38.69139933303907 ],  [ -9.08738707964508, 38.79675969109248 ],  [ -9.229835564339478, 38.79675969109248 ], [ -9.229835564339478, 38.69139933303907 ] ] ]|"[""2017-01-01T00:00:00Z"",""2021-12-31T23:59:59Z""]"|https://emotional.byteroad.net/collections/av_buil_he|https://emotional.byteroad.net/collections/av_buil_he/tiles|https://emotional.byteroad.net/geoserver/ows?service=WMS&version=1.3.0&request=GetCapabilities
buil_area_|Building area ratio|Data Platform IGOT - Physical Environment Data|Creative Commons (CC BY 4.0)|Paulo Morgado|IGOT| paulo@campus.ul.pt|eMOTIONAL Cities|built environment, urban design, urban fabric, IGOT, Lisbon|Physical Environment Data|[[ -9.229835564339478, 38.69139933303907, -9.08738707964508, 38.79675969109248 ]]|[ [ [ -9.229835564339478, 38.69139933303907 ], [ -9.08738707964508, 38.69139933303907 ],  [ -9.08738707964508, 38.79675969109248 ],  [ -9.229835564339478, 38.79675969109248 ], [ -9.229835564339478, 38.69139933303907 ] ] ]|"[""2017-01-01T00:00:00Z"",""2021-12-31T23:59:59Z""]"|https://emotional.byteroad.net/collections/buil_area_|https://emotional.byteroad.net/collections/buil_area_/tiles|https://emotional.byteroad.net/geoserver/ows?service=WMS&version=1.3.0&request=GetCapabilities
walkabilit|Walkability index|Data Platform IGOT - Physical Environment Data|Creative Commons (CC BY 4.0)|Paulo Morgado|IGOT| paulo@campus.ul.pt|eMOTIONAL Cities|urban design, urban health, walkability, IGOT, Lisbon|Physical Environment Data|[[ -9.229835564339478, 38.69139933303907, -9.08738707964508, 38.79675969109248 ]]|[ [ [ -9.229835564339478, 38.69139933303907 ], [ -9.08738707964508, 38.69139933303907 ],  [ -9.08738707964508, 38.79675969109248 ],  [ -9.229835564339478, 38.79675969109248 ], [ -9.229835564339478, 38.69139933303907 ] ] ]|"[""2017-01-01T00:00:00Z"",""2021-12-31T23:59:59Z""]"|https://emotional.byteroad.net/collections/walkabilit|https://emotional.byteroad.net/collections/walkabilit/tiles|https://emotional.byteroad.net/geoserver/ows?service=WMS&version=1.3.0&request=GetCapabilities
altimetry|Altimetry|Data Platform IGOT - Physical Environment Data|Creative Commons (CC BY 4.0)|Paulo Morgado|IGOT| paulo@campus.ul.pt|eMOTIONAL Cities|urban morphology , IGOT, Lisbon|Physical Environment Data|[[ -9.229835564339478, 38.69139933303907, -9.08738707964508, 38.79675969109248 ]]|[ [ [ -9.229835564339478, 38.69139933303907 ], [ -9.08738707964508, 38.69139933303907 ],  [ -9.08738707964508, 38.79675969109248 ],  [ -9.229835564339478, 38.79675969109248 ], [ -9.229835564339478, 38.69139933303907 ] ] ]|"[""2017-01-01T00:00:00Z"",""2021-12-31T23:59:59Z""]"|https://emotional.byteroad.net/collections/altimetry|https://emotional.byteroad.net/collections/altimetry/tiles|https://emotional.byteroad.net/geoserver/ows?service=WMS&version=1.3.0&request=GetCapabilities
beds_tour_|Beds/customers in tourist accomodations|Data Platform IGOT - Physical Environment Data|Creative Commons (CC BY 4.0)|Paulo Morgado|IGOT| paulo@campus.ul.pt|eMOTIONAL Cities|urban density, urban design, urban planning, IGOT, Lisbon|Physical Environment Data|[[ -9.229835564339478, 38.69139933303907, -9.08738707964508, 38.79675969109248 ]]|[ [ [ -9.229835564339478, 38.69139933303907 ], [ -9.08738707964508, 38.69139933303907 ],  [ -9.08738707964508, 38.79675969109248 ],  [ -9.229835564339478, 38.79675969109248 ], [ -9.229835564339478, 38.69139933303907 ] ] ]|"[""2017-01-01T00:00:00Z"",""2021-12-31T23:59:59Z""]"|https://emotional.byteroad.net/collections/beds_tour_|https://emotional.byteroad.net/collections/beds_tour_/tiles|https://emotional.byteroad.net/geoserver/ows?service=WMS&version=1.3.0&request=GetCapabilities
ff_out_den|Density of fast food outlets|Data Platform IGOT - Physical Environment Data|Creative Commons (CC BY 4.0)|Paulo Morgado|IGOT| paulo@campus.ul.pt|eMOTIONAL Cities|urban planning, urban health, IGOT, Lisbon|Physical Environment Data|[[ -9.229835564339478, 38.69139933303907, -9.08738707964508, 38.79675969109248 ]]|[ [ [ -9.229835564339478, 38.69139933303907 ], [ -9.08738707964508, 38.69139933303907 ],  [ -9.08738707964508, 38.79675969109248 ],  [ -9.229835564339478, 38.79675969109248 ], [ -9.229835564339478, 38.69139933303907 ] ] ]|"[""2017-01-01T00:00:00Z"",""2021-12-31T23:59:59Z""]"|https://emotional.byteroad.net/collections/ff_out_den|https://emotional.byteroad.net/collections/ff_out_den/tiles|https://emotional.byteroad.net/geoserver/ows?service=WMS&version=1.3.0&request=GetCapabilities
ndvi|Normalized Difference Vegetation Index (NDVI)|Data Platform IGOT - Physical Environment Data|Creative Commons (CC BY 4.0)|Paulo Morgado|IGOT| paulo@campus.ul.pt|eMOTIONAL Cities|green, urban, green areas , IGOT, Lisbon|Physical Environment Data|[[ -9.229835564339478, 38.69139933303907, -9.08738707964508, 38.79675969109248 ]]|[ [ [ -9.229835564339478, 38.69139933303907 ], [ -9.08738707964508, 38.69139933303907 ],  [ -9.08738707964508, 38.79675969109248 ],  [ -9.229835564339478, 38.79675969109248 ], [ -9.229835564339478, 38.69139933303907 ] ] ]|"[""2017-01-01T00:00:00Z"",""2021-12-31T23:59:59Z""]"|https://emotional.byteroad.net/collections/ndvi|https://emotional.byteroad.net/collections/ndvi/tiles|https://emotional.byteroad.net/geoserver/ows?service=WMS&version=1.3.0&request=GetCapabilities
gre_spa_po|Green space area|Data Platform IGOT - Physical Environment Data|Creative Commons (CC BY 4.0)|Paulo Morgado|IGOT| paulo@campus.ul.pt|eMOTIONAL Cities|green, urban, green areas , IGOT, Lisbon|Physical Environment Data|[[ -9.229835564339478, 38.69139933303907, -9.08738707964508, 38.79675969109248 ]]|[ [ [ -9.229835564339478, 38.69139933303907 ], [ -9.08738707964508, 38.69139933303907 ],  [ -9.08738707964508, 38.79675969109248 ],  [ -9.229835564339478, 38.79675969109248 ], [ -9.229835564339478, 38.69139933303907 ] ] ]|"[""2017-01-01T00:00:00Z"",""2021-12-31T23:59:59Z""]"|https://emotional.byteroad.net/collections/gre_spa_po|https://emotional.byteroad.net/collections/gre_spa_po/tiles|https://emotional.byteroad.net/geoserver/ows?service=WMS&version=1.3.0&request=GetCapabilities
noise|Noise level|Data Platform IGOT - Physical Environment Data|Creative Commons (CC BY 4.0)|Paulo Morgado|IGOT| paulo@campus.ul.pt|eMOTIONAL Cities|pollution, noise, noise pollution, urban planning, IGOT, Lisbon|Physical Environment Data|[[ -9.229835564339478, 38.69139933303907, -9.08738707964508, 38.79675969109248 ]]|[ [ [ -9.229835564339478, 38.69139933303907 ], [ -9.08738707964508, 38.69139933303907 ],  [ -9.08738707964508, 38.79675969109248 ],  [ -9.229835564339478, 38.79675969109248 ], [ -9.229835564339478, 38.69139933303907 ] ] ]|"[""2017-01-01T00:00:00Z"",""2021-12-31T23:59:59Z""]"|https://emotional.byteroad.net/collections/noise|https://emotional.byteroad.net/collections/noise/tiles|https://emotional.byteroad.net/geoserver/ows?service=WMS&version=1.3.0&request=GetCapabilities
pm25|Particulate Matter (PM2.5)|Data Platform IGOT - Physical Environment Data|Creative Commons (CC BY 4.0)|Paulo Morgado|IGOT| paulo@campus.ul.pt|eMOTIONAL Cities|air pollution, pollution, air quality, urban planning, IGOT, Lisbon|Physical Environment Data|[[ -9.229835564339478, 38.69139933303907, -9.08738707964508, 38.79675969109248 ]]|[ [ [ -9.229835564339478, 38.69139933303907 ], [ -9.08738707964508, 38.69139933303907 ],  [ -9.08738707964508, 38.79675969109248 ],  [ -9.229835564339478, 38.79675969109248 ], [ -9.229835564339478, 38.69139933303907 ] ] ]|"[""2017-01-01T00:00:00Z"",""2021-12-31T23:59:59Z""]"|https://emotional.byteroad.net/collections/pm25|https://emotional.byteroad.net/collections/pm25/tiles|https://emotional.byteroad.net/geoserver/ows?service=WMS&version=1.3.0&request=GetCapabilities
pm10|Particulate Matter (PM10)|Data Platform IGOT - Physical Environment Data|Creative Commons (CC BY 4.0)|Paulo Morgado|IGOT| paulo@campus.ul.pt|eMOTIONAL Cities|air pollution, pollution, air quality, urban planning, IGOT, Lisbon|Physical Environment Data|[[ -9.229835564339478, 38.69139933303907, -9.08738707964508, 38.79675969109248 ]]|[ [ [ -9.229835564339478, 38.69139933303907 ], [ -9.08738707964508, 38.69139933303907 ],  [ -9.08738707964508, 38.79675969109248 ],  [ -9.229835564339478, 38.79675969109248 ], [ -9.229835564339478, 38.69139933303907 ] ] ]|"[""2017-01-01T00:00:00Z"",""2021-12-31T23:59:59Z""]"|https://emotional.byteroad.net/collections/pm10|https://emotional.byteroad.net/collections/pm10/tiles|https://emotional.byteroad.net/geoserver/ows?service=WMS&version=1.3.0&request=GetCapabilities
mean_temp|Mean temperature|Data Platform IGOT - Physical Environment Data|Creative Commons (CC BY 4.0)|Paulo Morgado|IGOT| paulo@campus.ul.pt|eMOTIONAL Cities|weather, urban climate, urban comfort, climate change, IGOT, Lisbon|Physical Environment Data|[[ -9.229835564339478, 38.69139933303907, -9.08738707964508, 38.79675969109248 ]]|[ [ [ -9.229835564339478, 38.69139933303907 ], [ -9.08738707964508, 38.69139933303907 ],  [ -9.08738707964508, 38.79675969109248 ],  [ -9.229835564339478, 38.79675969109248 ], [ -9.229835564339478, 38.69139933303907 ] ] ]|"[""2017-01-01T00:00:00Z"",""2021-12-31T23:59:59Z""]"|https://emotional.byteroad.net/collections/mean_temp|https://emotional.byteroad.net/collections/mean_temp/tiles|https://emotional.byteroad.net/geoserver/ows?service=WMS&version=1.3.0&request=GetCapabilities
ex_heat_vu|Vulnerability to excessive heat index|Data Platform IGOT - Physical Environment Data|Creative Commons (CC BY 4.0)|Paulo Morgado|IGOT| paulo@campus.ul.pt|eMOTIONAL Cities|weather, urban climate, urban comfort, climate change, IGOT, Lisbon|Physical Environment Data|[[ -9.229835564339478, 38.69139933303907, -9.08738707964508, 38.79675969109248 ]]|[ [ [ -9.229835564339478, 38.69139933303907 ], [ -9.08738707964508, 38.69139933303907 ],  [ -9.08738707964508, 38.79675969109248 ],  [ -9.229835564339478, 38.79675969109248 ], [ -9.229835564339478, 38.69139933303907 ] ] ]|"[""2017-01-01T00:00:00Z"",""2021-12-31T23:59:59Z""]"|https://emotional.byteroad.net/collections/ex_heat_vu|https://emotional.byteroad.net/collections/ex_heat_vu/tiles|https://emotional.byteroad.net/geoserver/ows?service=WMS&version=1.3.0&request=GetCapabilities
ffloods_vu|Vulnerability to flash floods index|Data Platform IGOT - Physical Environment Data|Creative Commons (CC BY 4.0)|Paulo Morgado|IGOT| paulo@campus.ul.pt|eMOTIONAL Cities|weather, urban climate, urban comfort, climate change, IGOT, Lisbon|Physical Environment Data|[[ -9.229835564339478, 38.69139933303907, -9.08738707964508, 38.79675969109248 ]]|[ [ [ -9.229835564339478, 38.69139933303907 ], [ -9.08738707964508, 38.69139933303907 ],  [ -9.08738707964508, 38.79675969109248 ],  [ -9.229835564339478, 38.79675969109248 ], [ -9.229835564339478, 38.69139933303907 ] ] ]|"[""2017-01-01T00:00:00Z"",""2021-12-31T23:59:59Z""]"|https://emotional.byteroad.net/collections/ffloods_vu|https://emotional.byteroad.net/collections/ffloods_vu/tiles|https://emotional.byteroad.net/geoserver/ows?service=WMS&version=1.3.0&request=GetCapabilities
pur_power|Purchasing power|Data Platform IGOT - Socioeconomic Data|Creative Commons (CC BY 4.0)|Paulo Morgado|IGOT| paulo@campus.ul.pt|eMOTIONAL Cities|urban design, urban planning, urban determinants, IGOT, Lisbon |Socioeconomic|[[ -9.229835564339478, 38.69139933303907, -9.08738707964508, 38.79675969109248 ]]|[ [ [ -9.229835564339478, 38.69139933303907 ], [ -9.08738707964508, 38.69139933303907 ],  [ -9.08738707964508, 38.79675969109248 ],  [ -9.229835564339478, 38.79675969109248 ], [ -9.229835564339478, 38.69139933303907 ] ] ]|"[""2017-01-01T00:00:00Z"",""2021-12-31T23:59:59Z""]"|https://emotional.byteroad.net/collections/pur_power|https://emotional.byteroad.net/collections/pur_power/tiles|https://emotional.byteroad.net/geoserver/ows?service=WMS&version=1.3.0&request=GetCapabilities
ppop_unemp|Unemployed people ratio|Data Platform IGOT - Socioeconomic Data|Creative Commons (CC BY 4.0)|Paulo Morgado|IGOT| paulo@campus.ul.pt|eMOTIONAL Cities|urban design, urban planning, urban determinants, IGOT, Lisbon |Socioeconomic|[[ -9.229835564339478, 38.69139933303907, -9.08738707964508, 38.79675969109248 ]]|[ [ [ -9.229835564339478, 38.69139933303907 ], [ -9.08738707964508, 38.69139933303907 ],  [ -9.08738707964508, 38.79675969109248 ],  [ -9.229835564339478, 38.79675969109248 ], [ -9.229835564339478, 38.69139933303907 ] ] ]|"[""2017-01-01T00:00:00Z"",""2021-12-31T23:59:59Z""]"|https://emotional.byteroad.net/collections/ppop_unemp|https://emotional.byteroad.net/collections/ppop_unemp/tiles|https://emotional.byteroad.net/geoserver/ows?service=WMS&version=1.3.0&request=GetCapabilities
ppo_low_ed|People with low education level ratio|Data Platform IGOT - Socioeconomic Data|Creative Commons (CC BY 4.0)|Paulo Morgado|IGOT| paulo@campus.ul.pt|eMOTIONAL Cities|urban design, urban planning, urban determinants, IGOT, Lisbon |Socioeconomic|[[ -9.229835564339478, 38.69139933303907, -9.08738707964508, 38.79675969109248 ]]|[ [ [ -9.229835564339478, 38.69139933303907 ], [ -9.08738707964508, 38.69139933303907 ],  [ -9.08738707964508, 38.79675969109248 ],  [ -9.229835564339478, 38.79675969109248 ], [ -9.229835564339478, 38.69139933303907 ] ] ]|"[""2017-01-01T00:00:00Z"",""2021-12-31T23:59:59Z""]"|https://emotional.byteroad.net/collections/ppo_low_ed|https://emotional.byteroad.net/collections/ppo_low_ed/tiles|https://emotional.byteroad.net/geoserver/ows?service=WMS&version=1.3.0&request=GetCapabilities
pop_densit|Population density|Data Platform IGOT - Socioeconomic Data|Creative Commons (CC BY 4.0)|Paulo Morgado|IGOT| paulo@campus.ul.pt|eMOTIONAL Cities|urban design, urban planning, urban determinants, IGOT, Lisbon |Socioeconomic|[[ -9.229835564339478, 38.69139933303907, -9.08738707964508, 38.79675969109248 ]]|[ [ [ -9.229835564339478, 38.69139933303907 ], [ -9.08738707964508, 38.69139933303907 ],  [ -9.08738707964508, 38.79675969109248 ],  [ -9.229835564339478, 38.79675969109248 ], [ -9.229835564339478, 38.69139933303907 ] ] ]|"[""2017-01-01T00:00:00Z"",""2021-12-31T23:59:59Z""]"|https://emotional.byteroad.net/collections/pop_densit|https://emotional.byteroad.net/collections/pop_densit/tiles|https://emotional.byteroad.net/geoserver/ows?service=WMS&version=1.3.0&request=GetCapabilities
gender_rat|Gender ratio|Data Platform IGOT - Socioeconomic Data|Creative Commons (CC BY 4.0)|Paulo Morgado|IGOT| paulo@campus.ul.pt|eMOTIONAL Cities|urban design, urban planning, urban determinants, IGOT, Lisbon |Socioeconomic|[[ -9.229835564339478, 38.69139933303907, -9.08738707964508, 38.79675969109248 ]]|[ [ [ -9.229835564339478, 38.69139933303907 ], [ -9.08738707964508, 38.69139933303907 ],  [ -9.08738707964508, 38.79675969109248 ],  [ -9.229835564339478, 38.79675969109248 ], [ -9.229835564339478, 38.69139933303907 ] ] ]|"[""2017-01-01T00:00:00Z"",""2021-12-31T23:59:59Z""]"|https://emotional.byteroad.net/collections/gender_rat|https://emotional.byteroad.net/collections/gender_rat/tiles|https://emotional.byteroad.net/geoserver/ows?service=WMS&version=1.3.0&request=GetCapabilities
yt_peop_ra|Youth people ratio|Data Platform IGOT - Socioeconomic Data|Creative Commons (CC BY 4.0)|Paulo Morgado|IGOT| paulo@campus.ul.pt|eMOTIONAL Cities|social determinants, urban design, IGOT, Lisbon|Socioeconomic|[[ -9.229835564339478, 38.69139933303907, -9.08738707964508, 38.79675969109248 ]]|[ [ [ -9.229835564339478, 38.69139933303907 ], [ -9.08738707964508, 38.69139933303907 ],  [ -9.08738707964508, 38.79675969109248 ],  [ -9.229835564339478, 38.79675969109248 ], [ -9.229835564339478, 38.69139933303907 ] ] ]|"[""2017-01-01T00:00:00Z"",""2021-12-31T23:59:59Z""]"|https://emotional.byteroad.net/collections/yt_peop_ra|https://emotional.byteroad.net/collections/yt_peop_ra/tiles|https://emotional.byteroad.net/geoserver/ows?service=WMS&version=1.3.0&request=GetCapabilities
ed_peop_ra|Elderly people ratio|Data Platform IGOT - Socioeconomic Data|Creative Commons (CC BY 4.0)|Paulo Morgado|IGOT| paulo@campus.ul.pt|eMOTIONAL Cities|social determinants, urban design, IGOT, Lisbon|Socioeconomic|[[ -9.229835564339478, 38.69139933303907, -9.08738707964508, 38.79675969109248 ]]|[ [ [ -9.229835564339478, 38.69139933303907 ], [ -9.08738707964508, 38.69139933303907 ],  [ -9.08738707964508, 38.79675969109248 ],  [ -9.229835564339478, 38.79675969109248 ], [ -9.229835564339478, 38.69139933303907 ] ] ]|"[""2017-01-01T00:00:00Z"",""2021-12-31T23:59:59Z""]"|https://emotional.byteroad.net/collections/ed_peop_ra|https://emotional.byteroad.net/collections/ed_peop_ra/tiles|https://emotional.byteroad.net/geoserver/ows?service=WMS&version=1.3.0&request=GetCapabilities
